pressure_time;pressure_radius;pressure_amplitude;young;density;strength;length;diameter;is_broken
4.540955;2.989353;59.090597;96.632578;1560.721412;5.651564;88.394982;0.128507;1
4.394427;2.617212;158.365861;161.720124;1574.991106;4.949896;86.048913;0.164128;1
6.359174;2.583736;73.991501;165.237599;1427.664499;2.972016;91.202316;0.176719;1
6.978498;1.446847;43.985997;140.707826;1474.596026;3.190915;63.423561;0.179204;0
7.526791;4.011828;74.774184;126.244131;1238.714221;2.407668;85.757921;0.102778;1
1.074225;0.653199;97.659204;142.820411;1308.575684;2.871035;48.556593;0.138988;0
5.514571;2.800677;138.518761;174.553925;1225.293671;3.216712;93.561114;0.155761;1
7.933550;2.767283;44.964396;110.034738;1513.411468;3.634114;65.484111;0.122561;1
9.029274;3.601384;36.359579;156.583721;1437.893599;2.355444;87.223887;0.100697;1
7.980763;3.374017;48.123294;175.834201;1326.487672;4.006468;67.669671;0.133805;1
5.529260;2.622742;110.328947;173.740647;1283.124377;3.453383;49.232650;0.134925;1
4.962076;2.596998;84.542856;120.380823;1340.073857;2.003763;68.006755;0.169448;1
2.658083;3.269175;24.327194;112.324690;1465.651301;5.781590;50.808688;0.184377;0
1.368650;2.921153;54.939413;147.179030;1246.911093;3.576841;97.728199;0.116959;0
2.446614;1.908774;49.148589;85.700076;1393.885907;3.920771;76.796193;0.122005;0
6.585385;0.617051;87.705264;113.434616;1235.069494;3.326057;59.350593;0.156455;1
5.273764;3.519050;156.020192;145.459007;1363.079932;3.944942;44.098976;0.109657;1
4.734493;2.720737;168.732677;104.292604;1464.154098;2.517144;53.338651;0.136225;1
7.090316;0.220180;47.494864;96.772797;1527.574439;5.022785;87.992292;0.168436;0
4.440138;0.234691;88.143727;104.330815;1457.248529;2.620322;97.879282;0.146694;1
9.780128;2.709802;40.142033;115.619052;1261.689006;3.391322;45.293250;0.137920;1
1.220744;3.970099;48.177619;101.315742;1496.982587;4.989311;78.789041;0.128152;0
2.513583;4.408957;35.807832;116.694948;1521.586835;4.647593;81.467465;0.100619;0
2.243256;4.816402;159.417383;137.945241;1545.966291;4.728944;77.416394;0.120656;1
7.404250;2.331377;73.327297;130.355295;1546.506402;3.483357;63.659127;0.172141;1
1.001289;1.900989;95.484589;84.048510;1574.439590;5.302548;57.042072;0.157446;0
8.017992;1.390131;22.374061;176.892486;1495.681747;2.288655;61.806687;0.121462;0
8.444343;0.475043;51.304437;162.924787;1398.989341;2.593135;73.290343;0.178781;0
9.592410;3.035812;84.204569;94.675810;1560.599243;4.846463;91.558343;0.127996;1
1.684129;1.664362;6.025498;114.044525;1472.601289;4.490358;57.952758;0.182482;0
6.646788;4.080085;196.227297;131.641610;1396.426842;3.629409;70.780866;0.125732;1
9.693343;2.666319;108.386997;122.702538;1380.873157;2.780958;64.077051;0.113188;1
6.734020;2.219636;184.414859;86.332607;1280.142779;2.071341;69.252782;0.199043;1
4.472968;3.514584;154.193516;83.807691;1360.658112;2.568637;96.534683;0.169099;1
1.868636;1.774990;2.700452;172.844259;1236.106299;5.557927;61.589951;0.101520;0
5.103509;0.624444;122.295768;170.077748;1549.733502;5.817898;50.326821;0.151844;0
2.215989;4.939100;112.099221;89.941521;1575.525028;5.008753;96.444699;0.154738;1
5.344970;2.024576;107.976907;110.532972;1517.307406;2.206873;44.518605;0.142718;1
8.480461;0.371804;162.042826;92.753884;1242.661612;4.973939;98.456920;0.160337;1
5.373987;4.856179;51.031160;174.780610;1321.985810;2.625849;44.415129;0.158061;0
7.991738;3.120889;12.136550;86.282526;1561.378979;3.725527;82.381202;0.175854;0
1.227893;0.849242;131.162498;132.305528;1232.177138;3.195259;85.802974;0.102985;1
5.295861;3.103087;53.902039;169.939293;1458.734327;5.745894;50.886983;0.179715;0
3.102665;3.240398;173.335498;143.761519;1573.711170;4.093559;52.953302;0.169031;1
4.606526;4.641592;65.260482;80.024801;1243.944352;5.223042;94.648664;0.159563;1
7.808451;2.544826;70.196055;112.479001;1248.101301;5.757107;64.634596;0.135095;1
4.812615;2.153958;115.568853;156.521115;1294.581210;4.338927;90.844714;0.168251;1
8.781890;0.694141;85.457258;122.605225;1378.862249;2.210115;62.387460;0.145908;1
2.520507;3.980554;185.404399;82.574063;1414.904274;4.470354;78.659114;0.105671;1
7.377436;1.179832;11.431439;155.120335;1542.968606;3.671547;56.870650;0.125710;0
7.998959;3.826849;112.010743;85.647007;1442.159589;2.204749;52.373109;0.112241;1
2.673221;1.877053;104.831403;83.366530;1301.859088;5.428311;94.368468;0.169415;1
8.927827;2.933585;85.261839;148.431595;1502.000567;5.741778;77.795716;0.124570;1
7.592576;1.542576;168.172439;148.362882;1346.750044;3.689765;46.521484;0.138244;1
3.855571;3.522242;190.373285;174.063638;1426.578049;2.293557;83.905994;0.170646;1
7.005842;3.750650;161.238307;156.617444;1269.657674;5.214392;62.863491;0.136154;1
4.073947;2.939622;184.229078;91.740358;1339.223892;2.196245;74.581839;0.189581;1
3.891789;4.010757;2.460992;125.039993;1307.972932;2.102744;42.166664;0.175485;0
7.915624;0.995501;175.091089;86.206010;1307.452816;4.805815;85.026652;0.159792;1
5.106497;3.704724;33.221776;106.422574;1478.052937;5.881975;86.950167;0.135368;0
1.001937;1.865391;30.369805;111.116866;1310.821994;2.445454;44.398791;0.114613;0
7.206537;4.722870;21.569309;179.628653;1349.208012;5.530286;52.238761;0.168981;0
8.406310;4.343966;102.261272;168.811079;1545.395374;2.881762;71.446161;0.178777;1
2.105624;3.619750;59.547467;88.490631;1280.367291;3.908715;50.961297;0.137293;0
6.395972;2.281810;158.849190;100.117313;1454.249144;4.103244;64.096201;0.133008;1
5.357548;4.599582;1.038218;114.188141;1491.679404;4.046518;75.288291;0.150709;0
4.609131;0.666168;36.540019;162.471363;1486.319183;3.865431;65.115274;0.149814;0
1.983349;0.742420;21.902533;113.547206;1334.241141;3.402614;69.019415;0.156294;0
3.102135;2.997676;184.038307;94.851801;1590.268753;4.405979;63.422830;0.189923;1
8.935113;0.914615;67.354437;85.748865;1284.404005;2.798802;47.628853;0.179234;1
1.600201;0.887401;160.603058;150.492817;1326.086390;4.529242;85.810815;0.170829;0
8.213665;3.167474;133.990674;102.704883;1423.887219;4.500407;62.203993;0.126940;1
2.319315;4.509046;43.988362;91.975894;1579.097355;3.677017;74.554252;0.124592;0
4.086105;1.582527;151.503790;126.277650;1385.979820;5.752019;40.937607;0.154672;1
4.405118;0.873542;199.257349;140.084968;1461.477577;2.997190;77.887675;0.139009;1
7.193134;0.280724;56.140902;109.390208;1387.085734;5.734012;81.405522;0.167658;0
8.720657;1.479605;120.812768;175.359919;1303.864442;4.048524;89.782389;0.191915;1
2.415179;1.336154;165.255187;91.594740;1336.816039;2.157763;41.827607;0.155275;1
4.677467;1.365211;65.449328;167.048193;1240.155545;4.640905;48.386767;0.187377;0
6.061162;1.269374;116.471688;150.541922;1322.274854;2.735314;88.551181;0.125090;1
2.007524;2.577896;168.691437;88.946038;1369.002055;5.540937;43.941572;0.104261;1
1.206684;1.514535;118.257798;175.557521;1574.928723;4.870922;56.251261;0.119064;0
3.132636;0.715477;174.171801;157.146845;1343.327507;4.945395;81.030893;0.161997;1
4.755851;2.936425;164.833361;167.347377;1288.129639;2.817354;87.578377;0.147455;1
4.096257;1.629021;23.810787;115.348899;1504.844289;4.516723;87.754378;0.120041;0
8.878570;3.781835;147.641435;85.745807;1460.315912;2.474834;91.890833;0.198420;1
5.287311;0.443551;187.752062;170.179147;1339.860114;2.088592;53.899281;0.177157;1
7.103289;4.662441;94.884945;129.929690;1443.324224;3.259204;42.827715;0.152518;1
4.049958;0.488238;125.675420;109.407243;1294.829275;2.631631;95.814734;0.134364;1
9.935082;4.778814;48.271003;135.161952;1222.613068;2.066050;73.274995;0.165836;1
5.495422;3.490141;178.582248;155.523024;1386.816737;4.951764;59.152662;0.190554;1
8.886736;4.193804;25.980485;137.040247;1476.284726;4.633385;86.591428;0.100193;1
8.788302;2.914560;28.797273;136.213145;1388.830376;2.868993;97.590064;0.136542;1
9.900172;4.162401;109.042767;145.943856;1251.037389;3.651857;77.502273;0.101911;1
9.579812;4.449249;62.969188;101.481572;1251.311517;4.183394;92.882533;0.199267;1
4.064683;1.668743;52.614295;122.738444;1583.071560;4.041976;93.010870;0.185374;0
8.328203;4.490190;85.688521;108.681095;1389.815821;4.999126;78.103228;0.190595;1
3.906771;0.880338;135.352293;160.167568;1300.242359;4.471898;75.661608;0.191467;1
9.660815;2.071357;176.489145;109.087469;1267.617653;5.665797;57.658613;0.151932;1
6.374788;2.918577;8.538881;104.861952;1338.672059;2.675950;89.749491;0.172388;0
6.507014;4.641212;191.535726;128.824485;1257.488064;2.341711;47.236723;0.105250;1
3.681757;2.242710;184.234962;152.881558;1388.711662;2.522857;90.428514;0.173106;1
8.238124;1.805687;139.010928;87.223495;1479.842049;5.220394;54.504602;0.196090;1
2.349331;2.476811;181.767716;123.668262;1379.151433;3.812766;41.085838;0.100927;1
2.650936;4.073817;59.603813;150.262289;1454.886646;5.724803;73.655127;0.120943;0
7.165887;2.202265;96.462771;120.051058;1202.037271;3.728200;46.659818;0.175966;1
8.816260;0.692101;94.227905;142.066887;1461.331171;3.905759;56.058373;0.101535;1
2.255238;0.353547;48.056145;171.705605;1417.338435;3.728227;88.582063;0.197313;0
3.189499;3.583814;53.070525;157.497976;1526.999300;3.422813;54.702419;0.192457;0
4.368259;1.268640;17.933314;146.212814;1256.124594;5.859889;47.044837;0.121122;0
8.564971;2.866385;127.244311;103.462722;1473.409218;3.313331;43.814714;0.130135;1
7.172201;2.009834;3.268147;133.824501;1594.530876;2.150434;97.528863;0.141416;0
4.866653;0.315873;199.934732;98.547374;1466.345671;2.267977;53.880312;0.130355;1
3.225806;3.658488;196.741513;160.487030;1569.464054;5.810567;86.273910;0.106593;1
7.284564;4.537905;29.965311;167.635042;1417.866697;4.915162;55.024985;0.140201;0
9.772362;4.663493;95.329966;85.839594;1380.695193;3.244778;65.728948;0.142473;1
4.395953;0.571241;66.053276;127.254418;1203.293269;5.476661;74.535532;0.192044;0
4.794844;0.660092;42.797827;96.707830;1249.016889;3.355104;97.217275;0.151324;0
1.574913;4.720091;45.239006;142.679401;1366.135798;5.901668;77.578422;0.137540;0
4.822552;3.071364;34.057751;168.028726;1575.485165;3.846051;64.148278;0.195718;0
3.694918;0.511710;77.901588;99.592682;1253.660362;3.763284;89.059538;0.185226;1
8.942994;2.652118;132.341406;95.159788;1583.912655;4.328023;56.745771;0.131729;1
2.694784;1.285744;87.056096;150.215043;1544.584245;3.498947;67.240954;0.158137;0
6.432883;4.277001;105.565429;146.289238;1241.329562;4.265315;61.479940;0.118790;1
1.422700;2.432529;80.751299;85.858217;1527.499547;2.015810;88.992354;0.185539;0
9.587392;4.873002;140.296518;157.827380;1427.713439;5.336015;52.613895;0.147125;1
8.200924;0.876937;191.142961;169.925923;1222.136245;4.971245;73.183696;0.142226;1
9.359868;3.343758;199.808611;127.669627;1200.943141;3.890153;77.036640;0.195309;1
4.095408;1.558500;162.817154;93.940681;1454.996755;2.460611;86.348626;0.181326;1
8.124443;1.386588;54.742025;83.587837;1351.045401;2.670022;56.275032;0.175448;1
7.903569;4.625319;46.959406;170.562548;1594.178768;5.821849;76.823707;0.170185;0
2.257048;2.777491;151.950166;103.270332;1209.261088;4.305955;81.369836;0.171830;1
2.090740;0.674947;36.818907;94.125076;1552.819723;5.474578;52.665747;0.159783;0
8.091976;1.095708;61.633541;81.572932;1270.429149;3.884210;73.928530;0.130201;1
7.264060;1.700993;136.066639;157.172601;1562.054770;3.828586;96.666398;0.166728;1
6.403630;0.419167;190.172382;87.412027;1375.278314;2.101221;44.274418;0.152013;1
9.071688;1.239582;123.234489;142.918107;1286.276666;3.269036;54.872419;0.136478;1
8.184391;2.357879;128.998350;127.105251;1240.391533;4.132485;45.900204;0.156355;1
1.630544;4.466751;176.386099;162.778433;1591.600067;4.704329;62.792424;0.120491;1
9.143027;1.841454;2.205989;89.101485;1403.852987;5.317931;95.660976;0.123228;0
9.958030;3.901102;80.408839;116.550423;1228.175414;3.170264;98.556020;0.111521;1
5.225100;2.643830;35.652291;129.589704;1512.206833;4.206851;86.669418;0.156692;0
9.559774;3.165775;142.157087;80.335653;1223.890716;2.404318;44.856089;0.119156;1
9.316263;1.742648;91.794668;159.822320;1329.218560;4.948638;65.505316;0.144285;1
6.018701;1.295136;77.891299;85.663884;1290.281400;3.146895;92.243065;0.154852;1
6.007609;4.852794;194.083251;173.257236;1218.448442;3.998863;95.091564;0.183044;1
6.769932;3.967290;151.212176;165.427045;1546.030716;4.906103;50.897193;0.166511;1
5.470042;4.428170;104.466541;117.275004;1242.458330;5.115378;56.694276;0.129766;1
6.419221;0.148521;45.632615;142.980821;1461.888829;4.479823;44.920457;0.115079;0
5.127777;4.331732;49.948632;136.400236;1317.110087;3.797023;46.227439;0.104193;0
5.419540;2.017281;90.666878;124.055675;1216.469679;3.063102;74.063110;0.121428;1
2.678870;0.850885;195.817490;119.225012;1592.982588;4.367627;90.279086;0.173851;1
1.850444;2.861777;175.072122;158.649390;1446.942664;2.387741;89.217548;0.173190;1
4.484877;2.448921;42.916118;105.953309;1297.943204;3.323213;73.099048;0.135412;1
9.423591;4.308990;113.648439;178.380772;1575.415012;2.911080;96.957502;0.164717;1
6.024558;2.940066;69.234915;147.689514;1241.336601;3.421927;69.443385;0.168192;1
5.987498;1.851810;56.075441;88.425709;1436.673878;4.093110;43.766350;0.102682;1
1.170072;3.213749;32.478071;110.391077;1466.937757;5.586542;72.374906;0.146300;0
2.639329;2.424234;34.673278;171.098084;1311.606088;2.672863;62.279448;0.187162;0
8.695822;3.897739;95.682310;179.918208;1466.392597;3.425458;66.169475;0.149424;1
4.242521;2.680275;4.636653;83.858152;1402.748295;3.434228;98.638440;0.112732;0
7.921990;3.821637;64.609036;116.435370;1477.473692;5.736650;84.164745;0.103354;1
7.435654;0.589820;82.901818;129.008888;1572.698199;4.883725;42.465500;0.159297;0
9.260790;4.698436;160.335809;113.879820;1400.842360;4.981444;82.141154;0.199812;1
3.419945;3.306831;9.561888;84.693836;1259.898922;2.664112;62.477685;0.188729;0
9.215965;1.156686;157.631945;176.786861;1496.488949;4.006344;49.834287;0.142664;1
5.247848;4.160860;9.622574;172.386886;1330.065568;3.985536;69.988679;0.180193;0
8.579163;4.780008;57.074141;123.675929;1395.034434;4.572785;90.528719;0.181565;1
6.004718;3.141607;6.956516;160.809245;1433.630210;4.621948;45.272148;0.141382;0
5.988300;3.486747;59.447209;104.412108;1336.059927;3.429686;69.754624;0.135427;1
6.095343;4.862946;12.261998;157.393586;1597.907404;3.782181;51.299532;0.147504;0
4.750255;3.077233;149.790243;171.451450;1374.549587;5.300549;81.901644;0.174657;1
1.967466;2.669906;154.946110;93.791713;1470.428475;5.054249;81.800133;0.119118;1
9.790923;3.670902;104.512966;142.218491;1371.177380;3.115516;53.021162;0.197518;1
3.654069;1.720905;47.289705;127.262906;1349.950148;2.677496;77.547793;0.185638;0
1.213694;0.665461;145.880785;161.323323;1309.117061;3.703158;83.100432;0.133943;0
1.698447;2.530545;144.477420;100.118242;1449.829807;3.398717;73.551421;0.180780;1
3.749179;3.188666;124.357590;107.545357;1465.244993;2.470214;96.799450;0.112060;1
7.806958;0.726670;79.117340;112.554886;1215.175696;5.170534;84.999483;0.190826;0
5.128910;0.620635;65.549630;85.548201;1545.109446;2.021496;68.453578;0.199280;1
9.213306;3.609840;100.852055;154.285985;1524.212674;4.990172;54.834474;0.146063;1
8.021814;0.524472;36.404746;130.173140;1220.703186;4.726435;79.675789;0.112490;0
4.082714;3.408435;130.346548;126.461355;1483.213430;5.807414;84.444027;0.162084;1
5.194576;1.517470;115.149864;158.123599;1380.972955;2.863958;95.876776;0.137910;1
7.334946;3.932309;64.579825;137.223167;1536.750342;5.906458;53.427683;0.149412;0
7.400650;4.213225;122.932530;173.132380;1264.102646;2.328215;48.621395;0.148119;1
1.249416;4.592048;96.705792;121.769934;1598.721980;5.567938;53.127083;0.108368;0
2.472336;0.338042;83.189151;179.050695;1203.049630;3.393332;80.416062;0.197700;0
3.573312;2.408290;58.586902;134.709457;1218.916079;2.653642;58.549896;0.112838;1
7.246770;1.413549;57.379758;86.483039;1425.071013;2.485370;85.910238;0.163057;1
8.891214;4.257186;103.893069;163.035041;1346.251020;4.092990;77.686491;0.133601;1
3.366172;4.853803;104.715721;128.882270;1588.793691;3.302972;86.344909;0.101892;1
9.800266;3.305381;5.774082;91.778010;1428.648334;2.875285;50.243544;0.118093;0
6.111580;4.265405;161.029860;136.055604;1455.390417;4.504909;53.922558;0.179484;1
8.851395;2.684170;171.534219;92.717844;1347.825902;4.421449;84.433806;0.137554;1
1.129542;1.605503;158.689607;91.006943;1257.881692;5.650203;58.022213;0.193532;0
6.617896;2.346798;88.230650;82.564906;1391.127674;3.335529;64.758253;0.185501;1
7.874378;2.207015;11.078009;133.446929;1297.233079;2.364938;70.694139;0.123942;0
8.618338;2.661964;135.393261;114.542794;1317.028324;2.449138;88.302640;0.102111;1
1.552395;1.131565;113.607547;101.552454;1459.885067;2.984990;47.953806;0.129353;1
5.985672;3.533024;164.802610;149.275188;1479.587488;5.426016;72.926858;0.140662;1
9.253454;0.728226;50.759841;159.299316;1414.740751;5.192718;98.557898;0.165888;0
6.934098;4.396654;26.717006;150.758467;1325.823054;3.237050;65.620310;0.134076;0
9.940525;1.435850;180.668229;131.265444;1477.663844;3.080876;98.357611;0.103718;1
1.526871;3.003575;121.887110;139.016295;1276.687162;2.441182;42.197991;0.179571;0
5.225356;1.917577;159.634198;89.340769;1489.209884;2.997237;96.197637;0.112530;1
5.719758;0.106349;117.964650;120.446958;1291.885193;4.804028;84.191527;0.196792;0
1.789965;1.736723;149.291976;145.748117;1411.832194;3.490130;86.497879;0.136033;1
6.907409;1.165226;129.086375;112.207576;1336.401225;3.060354;54.560468;0.137374;1
6.173747;4.485483;122.893093;111.013704;1233.296775;4.194649;61.502649;0.131440;1
5.053611;2.346835;3.524482;115.206667;1593.287810;2.831323;56.629635;0.124887;0
5.508263;1.473101;196.800281;168.599169;1379.774860;2.096993;48.611398;0.107374;1
2.017538;0.179142;151.834344;156.726403;1442.773702;5.723252;84.208763;0.128096;1
8.283696;4.994131;80.038490;84.196229;1558.800160;5.016467;61.394948;0.118261;1
7.627434;3.028321;3.951319;116.267616;1498.847911;3.219349;98.892295;0.138029;0
3.006206;0.514671;191.622272;118.665825;1239.141922;3.347664;72.047718;0.178438;1
7.433850;3.122134;117.243073;85.341328;1360.513339;3.790749;77.743335;0.120636;1
4.595897;2.027556;80.475563;163.371757;1314.446699;2.768120;90.069310;0.172758;1
2.349141;3.646918;165.912717;119.386325;1201.375119;4.145542;82.290530;0.152293;1
5.103979;4.442031;159.905229;153.431616;1313.861402;3.510360;96.366429;0.125620;1
3.752329;3.630853;24.740534;129.214534;1358.926970;4.706793;63.120160;0.117997;0
2.865720;0.603218;183.051763;88.023240;1253.427968;3.390856;54.729351;0.109593;1
9.648481;0.973077;17.753902;177.041136;1531.655075;4.761334;81.789664;0.195802;0
6.338097;0.588415;167.410203;152.403518;1406.852845;2.315823;70.439312;0.119218;1
7.147001;0.176393;173.621364;95.029654;1336.050610;4.049376;58.482262;0.197374;1
4.681963;3.014345;39.259457;131.271412;1565.374809;4.314905;96.689970;0.163204;0
7.323375;2.469936;89.922037;164.108618;1268.820864;5.428047;82.305506;0.159421;1
4.243086;2.229522;103.048092;80.749909;1457.928407;3.144564;94.270308;0.116093;1
9.494862;2.423539;33.406938;108.214550;1422.869947;3.746344;58.425472;0.101358;1
1.198509;1.133516;117.363824;162.637494;1370.156893;2.128550;67.549181;0.156966;0
2.315672;3.260981;129.810286;126.223439;1336.311254;2.614955;54.155078;0.149681;1
1.500784;3.392412;73.695044;166.752260;1508.856640;3.106436;49.615168;0.189620;0
2.762755;0.775000;94.439128;178.552072;1423.795580;5.033688;78.091670;0.183300;0
5.331474;3.228639;55.800463;144.812921;1418.712432;5.963648;98.918457;0.136621;0
6.107844;3.637047;170.288865;170.258539;1334.956613;5.550457;41.924624;0.129705;1
8.799426;4.958150;99.495716;102.792221;1519.177228;3.372895;82.479044;0.197216;1
2.145932;0.221171;25.392236;161.910429;1504.228153;4.518118;41.833534;0.198565;0
3.529601;0.771784;152.502720;167.409794;1473.530790;2.795611;98.939516;0.111222;1
1.787961;2.389828;102.517131;162.580324;1530.932976;5.440672;58.737517;0.161030;0
4.274522;4.820279;198.440406;167.747574;1279.935279;3.915736;55.957108;0.178423;1
5.909867;3.270713;120.040554;112.990413;1303.641342;4.325146;53.905961;0.186717;1
8.777830;3.490484;62.782376;134.653320;1385.863333;3.815792;51.298500;0.104191;1
7.981892;2.664498;35.836999;143.038652;1479.462244;3.027776;47.841995;0.127541;0
1.408538;1.461034;8.962100;151.665543;1293.697492;5.309206;74.875400;0.126516;0
2.170158;3.821156;7.757101;122.232230;1394.910434;3.903183;43.058288;0.134580;0
6.400523;1.164755;153.767491;120.029313;1515.216861;2.736652;40.130225;0.130810;1
2.689459;2.280539;65.974556;170.062288;1404.107774;4.617388;57.859005;0.174548;0
4.239261;2.493098;11.065159;147.937846;1237.086681;4.528189;76.402739;0.164317;0
2.352256;1.538329;135.984653;95.385920;1293.044760;2.760083;47.069387;0.139657;1
8.611328;0.168720;148.926260;90.672133;1597.522509;3.725198;54.973288;0.128526;1
5.643997;3.240053;56.523802;148.283171;1482.845662;5.242280;43.266917;0.162159;0
2.476511;2.890203;97.285104;90.785351;1324.076043;5.178983;80.813568;0.107588;1
3.302562;3.755041;33.441446;165.925182;1378.597338;2.700146;85.894797;0.195396;0
6.898050;0.647905;140.703436;163.703818;1316.117775;5.456633;54.519898;0.140722;0
7.230658;1.970549;136.087276;108.812429;1295.217963;5.897557;62.184598;0.130867;1
8.672838;3.811568;128.097752;123.794755;1200.490429;3.870974;82.928350;0.125043;1
5.071252;2.188984;102.367741;108.200333;1527.695782;5.270813;44.862721;0.157139;1
8.320047;1.307815;47.742848;93.493720;1589.473356;5.988057;91.106170;0.141199;1
3.970254;1.264841;155.504446;83.944395;1313.518907;5.962442;51.931545;0.172520;1
3.516644;2.641073;159.006347;80.994192;1443.702338;4.450357;89.486104;0.167123;1
7.947477;2.567095;16.543924;135.237395;1507.562074;2.675878;70.429953;0.142825;0
8.391693;2.947907;188.316050;153.490949;1224.340657;3.914054;73.312813;0.137839;1
8.456189;0.815303;63.891371;132.939831;1345.444053;5.722055;77.815627;0.144547;0
7.880282;2.019358;62.081923;94.582280;1435.628190;5.461659;92.065973;0.154688;1
9.224749;1.019332;83.330589;149.111114;1268.719709;5.968348;83.282715;0.195625;0
4.582886;0.955901;22.975385;169.434041;1478.226426;3.366854;51.546164;0.181425;0
3.739980;2.021495;118.025793;129.976817;1487.928343;4.009390;45.617040;0.136477;1
2.667843;2.007336;187.596357;166.825651;1592.077684;5.712188;58.769985;0.136429;1
9.168448;3.031346;163.744318;134.302072;1487.998625;3.677379;81.741207;0.108200;1
9.262166;2.121642;134.938821;118.360193;1424.392921;5.161549;69.269916;0.139760;1
2.192327;3.898339;174.332009;100.386597;1461.592715;2.908278;88.457641;0.130393;1
2.997707;1.180043;174.801311;119.791693;1275.228287;3.259088;73.916628;0.134905;1
4.397350;4.393118;191.499183;136.184574;1408.242953;3.967354;76.601052;0.194786;1
7.152912;2.009178;82.159681;93.081802;1263.500256;2.590275;70.333897;0.117329;1
5.267025;4.965092;189.716557;172.054689;1306.137346;5.456314;65.950545;0.196408;1
6.119346;0.859212;103.947663;96.889073;1282.413612;4.167075;89.453897;0.136245;1
7.966099;0.610295;146.619343;159.842851;1230.465909;5.370459;51.439949;0.130091;1
7.092674;4.605353;130.706092;125.436369;1567.887511;4.681059;97.863407;0.158055;1
2.625064;1.273552;40.970543;145.296166;1318.482335;4.382187;58.707031;0.177431;0
1.650692;1.409657;93.851289;140.299834;1353.182390;5.922433;89.384126;0.103982;0
6.702063;0.753205;31.602341;115.369141;1392.552801;4.759163;57.072087;0.182709;0
2.792572;2.381268;198.935657;80.093358;1249.632899;3.913203;81.120360;0.168491;1
1.712677;3.044190;40.456079;110.073094;1228.263898;5.567742;78.929186;0.159275;0
1.547616;4.181652;136.555996;149.327069;1267.780040;3.154950;54.926979;0.137535;1
1.830381;3.856910;101.402755;133.782756;1475.804987;3.735252;49.080607;0.114201;0
3.638451;2.833937;49.715835;148.173778;1592.562958;2.798167;97.255463;0.124356;1
3.995583;0.304789;123.520795;167.628887;1337.686201;4.386998;43.368578;0.132790;0
6.131870;1.167670;25.719063;165.122683;1518.517055;2.870522;59.727661;0.167696;0
2.849088;4.844613;98.357280;154.900712;1490.879385;4.941793;70.118560;0.169898;0
2.595795;0.718174;74.347229;157.568054;1263.850678;2.929285;53.280053;0.109518;1
7.421400;3.654065;143.218131;170.184105;1590.969204;5.184516;99.792364;0.168143;1
5.421135;2.334970;114.426687;144.072418;1438.972750;3.966296;41.386770;0.139627;1
2.487232;3.621840;41.712836;100.497072;1221.604820;3.452922;50.912816;0.100821;0
6.483720;3.244894;188.509691;162.297760;1344.286380;5.631123;92.157359;0.112151;1
1.785592;2.173582;165.366548;132.024782;1481.020525;2.065957;64.944831;0.159703;1
7.862043;2.574708;119.548185;111.080462;1381.025312;2.450886;80.774853;0.121539;1
1.448915;4.674643;130.261485;177.048739;1277.516869;5.463954;85.249750;0.165837;0
8.814377;0.140171;27.049152;146.185007;1497.362027;3.425195;81.621952;0.190147;0
7.724436;2.934829;127.478692;173.571917;1353.177732;2.751749;85.703145;0.105585;1
2.234165;2.783774;33.393333;94.438612;1495.553670;4.959607;68.306384;0.109429;0
5.262578;1.981974;17.895196;83.296122;1222.703403;2.638113;82.496448;0.125055;0
1.094549;0.503351;170.655405;124.921795;1452.852502;3.118859;48.479586;0.124257;1
4.123167;4.338714;74.861035;168.583945;1308.555859;5.596244;60.399714;0.154263;0
9.474688;3.964590;70.858018;160.694575;1242.298809;2.323440;72.174248;0.180463;1
3.458866;3.696798;30.247164;95.833389;1288.672313;4.664590;94.787498;0.142342;0
8.279937;3.610685;32.597460;122.751249;1354.249551;5.068824;43.660940;0.141322;0
9.385490;2.932626;137.975908;84.150130;1398.206634;2.397821;79.956869;0.137895;1
3.261485;2.964160;145.029849;178.392074;1275.822935;5.490041;57.366360;0.118610;1
6.567515;1.674329;16.830388;163.932405;1475.157453;4.379960;88.391224;0.191634;0
5.407482;1.937184;17.295357;164.428257;1392.893456;4.295272;99.051156;0.167317;0
4.390453;4.852753;57.599728;149.052694;1259.649154;2.180328;98.383348;0.159346;1
7.068475;0.206634;76.529652;109.197934;1276.029215;4.626774;69.222890;0.199192;0
6.805407;0.583052;133.793226;119.929772;1307.344566;4.545244;77.936912;0.185098;1
3.151846;0.148409;69.339503;118.125228;1358.096642;4.537768;79.960575;0.116614;0
3.241948;1.572801;162.276048;176.530871;1582.175678;3.517889;99.929766;0.195477;1
6.836195;4.678791;63.566606;110.855639;1512.224906;3.045246;48.452610;0.133700;1
3.924469;3.154644;44.755838;178.012283;1445.095173;5.384743;71.529473;0.175954;0
7.223496;3.376070;123.616053;159.085074;1362.300941;5.169365;71.492831;0.101478;1
6.640528;0.159331;162.903665;153.518500;1236.274545;4.366007;83.248280;0.117615;1
8.919238;0.155715;120.403734;118.636533;1380.773735;4.639515;75.939230;0.184896;1
9.569527;4.118783;190.297921;124.153454;1222.167880;5.824940;99.836173;0.172543;1
4.002838;3.663042;154.156844;92.935796;1456.133957;3.763323;64.899673;0.107938;1
3.084340;1.930383;65.191691;136.185406;1490.872260;2.261377;82.217235;0.166127;1
6.111211;2.854314;173.512614;101.604775;1326.337371;4.836995;46.403519;0.149354;1
1.676703;2.788898;38.959042;170.033125;1318.848156;4.225836;69.221134;0.111195;0
4.018478;1.901842;113.262516;135.728196;1481.655957;5.456138;54.119045;0.182772;1
7.268353;4.006335;63.845684;89.052252;1263.269044;3.323594;72.929329;0.196144;1
8.591941;3.440309;28.771820;117.850117;1241.467093;5.063049;56.514857;0.179253;0
4.059316;0.195319;130.151612;112.710514;1368.760105;2.124973;67.729039;0.131457;1
6.322048;3.666245;124.006945;111.535061;1257.812233;3.518060;74.324199;0.141610;1
7.524213;4.852761;96.381288;136.327062;1368.969341;5.205847;53.336584;0.187767;1
6.939488;2.397804;161.661888;109.687137;1377.290820;2.769119;67.352469;0.191079;1
6.602663;4.418690;155.738410;93.878817;1489.249907;2.721168;50.850698;0.166027;1
8.456682;3.128285;196.475966;117.205683;1336.248685;3.330962;90.548908;0.168340;1
1.262894;1.389629;141.980900;133.142746;1437.480167;3.953627;50.037284;0.138398;0
6.415896;4.354412;170.388765;94.462928;1315.455210;3.488683;82.920335;0.196145;1
7.459180;3.100071;161.937328;172.767726;1393.607155;5.169046;54.849512;0.132895;1
9.766449;4.289268;175.019365;177.747796;1462.316012;5.768620;71.704763;0.127120;1
8.347865;1.183235;28.810322;98.719339;1288.988424;4.475347;79.937056;0.175151;0
3.288978;4.971827;180.256066;104.510742;1358.607485;5.606217;72.935331;0.130370;1
6.123532;1.477323;103.296152;83.308077;1480.035953;5.494444;76.587036;0.143332;1
7.807057;1.820591;7.634980;149.446941;1576.012685;4.098073;97.534970;0.155195;0
4.473956;2.454304;5.774265;147.266732;1567.431308;4.184075;97.282980;0.171345;0
9.289380;2.520502;94.378823;98.232938;1438.623394;5.590054;75.945961;0.106116;1
7.136784;4.468684;57.067145;160.528097;1591.171361;2.476804;71.013349;0.197330;1
5.710068;0.609766;87.774400;95.556280;1550.977913;5.413712;79.890415;0.173768;0
3.980333;3.084708;17.230767;139.301319;1307.236372;2.367029;60.459117;0.104736;0
3.293872;1.091212;141.657588;96.300158;1404.705283;3.556432;42.875286;0.104394;1
2.012287;3.970096;95.197155;100.196990;1200.216943;4.756071;51.189517;0.166649;0
3.689693;4.670182;74.566496;121.223828;1587.025275;2.297334;61.975882;0.121082;1
2.729079;1.969921;179.192277;117.277610;1587.141367;4.612852;82.085145;0.119834;1
8.472650;4.142727;62.110461;103.930682;1426.985413;3.477384;71.042303;0.153355;1
4.034238;2.084686;67.135039;134.644163;1309.030151;3.745578;72.400388;0.197654;0
2.801090;3.247633;130.833151;131.782140;1374.832302;5.504680;49.532905;0.102366;1
1.097909;0.253429;158.592399;108.610038;1423.027003;4.960016;57.285052;0.176161;0
6.936365;3.502237;165.662476;163.608517;1301.215950;4.842054;97.374166;0.152852;1
5.848989;3.859750;140.085766;107.755426;1281.031778;2.458783;78.248769;0.145935;1
7.031245;2.225288;150.371402;97.239179;1291.821909;2.305231;59.648815;0.122536;1
4.984257;2.741311;26.735613;155.321490;1428.520992;3.605960;76.476778;0.167182;0
6.060861;0.276701;89.050924;95.991697;1426.189854;2.171516;80.930989;0.159077;1
6.650115;3.846790;80.460218;168.283500;1495.328521;3.929906;45.599722;0.140600;0
4.192142;3.077611;12.941588;101.101766;1312.400384;4.538983;80.498201;0.182257;0
8.852098;1.450089;85.017110;164.138937;1200.505941;3.175255;63.908031;0.194363;1
7.716066;4.139966;128.366506;166.070167;1505.280635;5.009948;85.258494;0.107559;1
4.776687;1.086607;197.684759;137.956568;1585.045818;2.211856;50.860578;0.171030;1
3.824537;3.017983;104.935208;159.677513;1430.250623;3.196681;95.552776;0.137837;1
8.327503;3.454511;186.591602;130.282661;1542.035353;4.762273;51.309371;0.157842;1
3.736775;3.450542;181.714389;110.400231;1317.324948;3.989317;50.954670;0.129113;1
6.569950;2.454115;185.063783;137.715521;1232.190594;5.745688;51.142716;0.127902;1
2.394379;1.392795;3.764830;154.270502;1350.480726;3.595303;70.990979;0.198648;0
2.269033;1.696736;19.463548;105.919294;1562.723180;3.379025;85.794217;0.114726;0
3.701285;3.371021;154.277686;91.446587;1231.978641;4.142635;75.529635;0.113010;1
3.478061;4.186901;64.614224;143.255271;1356.747662;5.846334;98.537871;0.121837;0
6.698894;1.263482;186.708156;139.048049;1394.413315;3.588516;40.939613;0.138638;1
5.899908;4.171303;61.669070;94.088076;1293.409247;5.890393;80.237014;0.198867;0
2.251807;3.238690;93.880202;132.026280;1491.511831;4.003987;89.443227;0.153230;0
8.212633;4.887124;14.277784;118.159101;1551.880712;5.392585;97.154706;0.172318;0
2.639043;4.039077;193.910803;172.946485;1550.863691;2.727959;40.542651;0.148759;1
8.213555;1.866529;8.200715;87.524451;1476.967019;2.195118;57.998207;0.155401;0
9.838812;1.710008;46.385810;163.099727;1480.393785;2.118661;70.160950;0.104090;1
9.754475;0.258362;3.306159;129.657141;1300.025655;3.048108;45.841591;0.118838;0
6.129356;4.018340;195.601587;137.215919;1298.898791;3.989458;89.989370;0.150532;1
8.783626;3.775309;186.593117;111.425288;1445.222537;4.254892;70.981848;0.124994;1
4.223018;1.130886;60.652816;115.513918;1477.331928;4.482682;60.088666;0.166316;0
9.118185;4.265591;34.865628;145.251214;1348.584386;3.728585;70.434877;0.137117;1
4.560184;2.921683;7.755437;156.035108;1282.166640;5.148320;98.257620;0.105045;0
5.628620;1.092127;143.357006;109.673855;1309.833498;2.779213;91.785434;0.155481;1
8.650551;3.715674;197.053783;165.208763;1240.415616;3.709378;84.272597;0.186294;1
1.326319;4.060910;104.486299;126.194045;1495.812746;2.175696;43.389721;0.139904;0
3.105131;4.699837;197.340941;108.308952;1288.101460;2.180155;45.089054;0.150276;1
9.454323;1.464909;109.516083;95.303584;1471.957397;4.337595;67.775547;0.124253;1
5.270006;2.515469;107.462728;90.837098;1499.186274;5.293901;52.091666;0.199233;1
4.785935;0.382449;144.277482;93.789797;1332.739263;5.123496;54.878712;0.142924;1
3.046255;0.777119;145.611309;123.982450;1292.703443;3.069132;93.735746;0.159009;1
2.723034;0.474320;161.704917;148.242502;1231.002934;4.267532;96.452767;0.175266;1
3.433429;1.633859;72.752079;156.703871;1381.231464;4.309030;41.557232;0.112527;1
7.577262;3.539188;86.867213;176.434736;1219.510727;4.481653;85.111922;0.112433;1
2.115857;3.551838;60.783953;101.234747;1523.530179;5.064800;47.582846;0.195402;0
6.319812;1.862781;71.429165;86.537138;1533.006507;2.280784;47.026989;0.166039;1
2.065891;0.134336;121.659097;87.122601;1385.208850;3.031162;99.623338;0.194597;1
2.988478;1.123666;127.717957;141.217385;1323.806498;5.789790;66.706640;0.139826;1
8.297133;4.074730;28.589480;166.643337;1346.803207;3.693596;64.370523;0.137787;0
6.117040;0.154651;192.182796;152.385514;1559.324449;2.519973;85.748744;0.141896;1
1.328286;4.619823;116.164735;109.726443;1215.129011;3.238101;52.346176;0.159176;0
2.693634;3.462548;106.748496;172.268005;1453.342543;3.569842;92.616411;0.122326;1
6.623474;1.853370;103.751682;105.802308;1219.790119;4.890992;98.148302;0.188301;1
2.092087;0.700233;183.160924;159.337961;1370.380875;2.068376;88.814941;0.179538;1
7.140519;3.903222;88.030482;105.068350;1323.554429;5.020548;65.186724;0.197064;1
8.231944;4.986515;63.971937;141.906054;1220.536579;3.985563;65.589805;0.166475;1
4.866727;1.581158;133.775157;92.685762;1494.559439;4.792003;53.933647;0.187931;1
4.904455;0.437765;64.203410;154.298538;1342.263670;5.167109;45.137729;0.162860;0
9.320483;1.700635;163.688988;178.157931;1369.165200;3.235726;69.080989;0.190737;1
9.621598;2.779566;158.907648;175.561102;1527.795559;5.642654;60.899542;0.106845;1
1.510862;1.237350;184.427058;98.393251;1525.989298;2.874158;62.331181;0.198419;1
3.191731;0.936439;134.015110;98.130980;1347.554659;4.715460;96.519007;0.136332;1
8.295413;1.772912;44.580992;172.297296;1537.880511;5.204986;98.808387;0.125365;0
8.349804;0.383627;125.062639;91.456339;1220.314426;5.422161;57.891244;0.101096;1
1.179560;4.111375;105.619671;116.403666;1334.198716;4.557394;71.378218;0.110254;0
6.916219;0.453353;11.637414;127.505402;1468.916119;2.466579;82.994285;0.184914;0
4.820266;2.859778;89.401763;100.604707;1558.401487;4.944164;73.508043;0.155389;1
8.607279;3.706454;101.292833;121.329038;1222.749729;5.049881;40.547644;0.174788;1
3.110226;4.991175;76.329334;114.938413;1521.136420;5.364591;94.333003;0.177093;0
4.473955;1.267298;121.028068;115.112315;1229.717077;5.650093;87.673927;0.123589;1
4.328193;4.706381;118.467715;165.877250;1558.235506;5.781423;89.717126;0.116186;1
4.604737;1.347609;191.207351;110.498064;1597.392745;5.033585;48.139693;0.127946;1
6.507807;3.849406;34.078143;143.158400;1291.964845;2.887321;85.544292;0.125435;1
8.307143;0.257524;42.106195;151.280677;1492.056378;2.346787;99.106894;0.183145;0
8.476074;4.262393;116.262098;92.734758;1457.296357;5.727748;45.846407;0.171480;1
1.416140;3.985312;100.825623;164.943429;1537.113685;5.571292;82.325231;0.173482;0
1.294378;2.476882;18.395300;132.933557;1262.522558;2.226790;99.299882;0.172205;0
2.309843;1.998627;115.160339;177.556840;1563.048732;5.439782;80.398962;0.176760;0
1.906320;3.869466;144.165636;91.249870;1597.838888;3.986676;77.854786;0.187266;1
3.560341;4.401986;41.987264;92.240285;1239.621070;2.182105;67.452098;0.150921;1
3.866604;4.514159;108.477313;143.005702;1382.570145;4.399351;70.446924;0.145835;1
2.867002;1.058580;78.278289;124.324265;1287.010681;3.794830;71.487105;0.137060;1
4.069657;0.734649;96.367869;174.456797;1584.357211;3.244071;78.111356;0.179792;1
3.738773;1.919284;92.827024;124.745829;1241.313750;4.252331;55.897616;0.187785;1
9.024660;3.377002;102.939981;153.126079;1381.799382;4.531495;60.084974;0.169063;1
7.753727;0.126021;43.023720;95.039376;1579.465334;5.355691;99.710112;0.166136;0
5.616401;2.486647;198.191617;110.477336;1544.182013;4.023082;69.829824;0.143122;1
3.635722;2.879732;144.723079;102.031858;1209.577121;3.609826;56.666650;0.143374;1
4.108286;0.324532;112.241440;95.037394;1510.923080;2.039339;68.474144;0.141800;1
9.451807;0.251402;192.854715;165.013882;1519.496069;3.067775;84.852749;0.120986;1
3.944128;0.699400;153.063966;129.129830;1463.437532;5.151068;95.106511;0.152706;1
1.844740;0.785085;178.739702;83.507730;1235.841257;3.484649;77.602538;0.118668;1
6.660739;1.241654;126.557888;92.581191;1565.335242;2.575099;65.827873;0.180543;1
3.034815;0.768800;164.331572;105.585165;1458.834056;2.816819;52.950597;0.185313;1
4.424658;3.677634;185.573134;118.841492;1333.345400;5.093042;72.307989;0.139974;1
1.968305;2.081779;77.263123;152.985354;1217.973169;4.978291;77.832507;0.150084;0
3.539117;0.426658;198.311878;126.870395;1247.948969;3.474138;57.256055;0.154408;1
2.579016;0.728106;188.957517;115.692544;1270.722782;5.621480;60.820656;0.139988;1
7.719941;1.332598;197.376859;80.832408;1319.623124;5.261469;85.754526;0.193493;1
9.915625;1.976179;16.675500;141.968418;1518.403997;5.493584;88.692598;0.127146;0
6.198702;1.641198;164.285404;97.473730;1465.343778;4.288247;50.949851;0.134097;1
9.640703;3.549549;83.566126;170.466922;1248.000217;4.077483;57.364825;0.187662;1
6.947602;4.814614;190.206525;111.323312;1320.715259;2.120083;50.481781;0.119505;1
4.716419;3.630469;27.779528;107.583637;1505.889441;4.477572;69.408933;0.123801;0
5.220114;1.351424;152.390785;172.057146;1503.901214;3.433309;79.424558;0.187135;1
5.997996;3.718238;101.622503;148.906475;1525.373315;3.713107;56.278793;0.108269;1
3.752539;2.865684;80.714201;111.253286;1564.333724;3.822072;95.817489;0.162945;1
1.467567;2.929929;133.374180;99.923203;1591.559635;3.740702;94.254245;0.196589;0
3.347117;0.457523;115.550821;95.893406;1260.116456;4.558024;89.590489;0.127737;1
4.841014;4.496913;35.096567;126.074320;1372.586868;4.826794;74.882015;0.159679;0
4.665651;3.986142;157.621224;135.760014;1254.915792;4.801314;60.857286;0.131916;1
2.854117;3.642410;173.960856;140.890973;1569.520628;4.855990;90.130979;0.109854;1
5.803848;2.347142;175.478020;162.871885;1201.106644;3.320079;65.596197;0.134361;1
7.490099;2.440005;27.428715;114.655713;1271.746318;5.322584;77.636887;0.122363;0
1.262339;3.960731;105.701194;130.038728;1200.271933;4.040089;64.074143;0.166013;0
4.371158;2.324842;41.731965;165.258637;1242.991263;3.279839;66.252785;0.179885;0
5.970778;1.096786;106.098435;133.162523;1475.016593;2.837310;57.919443;0.165584;1
4.263233;2.732561;178.725482;100.723467;1388.272968;2.323506;98.295926;0.158835;1
2.740987;3.993820;19.572622;146.733514;1325.048685;4.236023;79.525483;0.183445;0
6.668102;2.648452;122.002998;97.008232;1497.766949;3.011574;58.574115;0.155579;1
4.405088;4.547434;164.099359;97.401383;1494.195078;4.421429;66.187822;0.116660;1
8.468865;0.221583;109.766495;105.318134;1497.309401;2.719047;99.046210;0.109282;1
9.969261;1.409029;112.959797;119.566860;1560.929644;2.922024;57.378641;0.133975;1
5.201129;4.778013;131.888403;157.725456;1368.520920;2.955700;51.413511;0.110275;1
3.852623;1.283845;76.579069;100.162555;1231.608651;4.471246;59.928875;0.150298;1
6.006527;0.271745;3.814600;112.225056;1558.808874;4.916524;72.375602;0.148162;0
4.219074;0.547214;162.408281;138.131138;1357.970188;2.880419;55.546381;0.150439;1
1.623365;0.621094;124.153217;144.007471;1257.222608;3.997817;73.036599;0.122956;0
3.238371;0.766507;61.189504;82.968296;1461.411356;4.266886;58.363594;0.139820;0
7.042164;3.864079;94.889567;167.724417;1259.416283;2.685677;50.271863;0.180203;1
4.925103;2.925790;125.255539;120.877886;1412.859135;4.812316;41.266164;0.154411;1
5.627844;0.470769;8.079822;127.866703;1591.723614;4.624154;44.097697;0.111840;0
3.254881;4.123856;33.010714;88.493256;1491.936887;4.661056;42.802521;0.104255;0
1.775969;4.946533;46.623538;117.536004;1250.983771;4.004852;60.697343;0.197550;0
8.030287;4.100816;79.174668;173.340934;1506.318439;2.181689;48.541573;0.128838;1
8.926167;4.687261;12.509767;130.533422;1278.640185;3.951728;99.650816;0.149136;0
8.319373;1.294539;2.621486;113.873334;1446.798546;5.376400;60.649028;0.159567;0
5.177900;4.002875;78.424925;90.559019;1268.887176;4.735973;40.932056;0.140292;1
5.847754;3.289821;122.318440;85.234381;1287.848026;3.214195;96.359381;0.128635;1
1.555130;1.157382;90.422014;140.404205;1386.041873;2.745728;68.746726;0.100903;1
3.204388;3.756771;169.988595;102.705784;1421.809265;2.388289;54.146131;0.190085;1
5.351402;4.460283;30.625680;177.151413;1279.816488;3.635399;49.861362;0.107398;0
7.512020;2.020937;42.881871;105.563564;1538.298110;2.214972;40.466935;0.131298;1
8.004082;3.570885;31.195728;92.656511;1511.646815;4.988386;98.930058;0.166681;0
8.834528;2.649403;108.246355;160.640121;1445.309899;4.660217;79.862425;0.194645;1
1.190390;2.779363;169.977116;115.441145;1235.069479;4.946681;52.070010;0.160421;0
4.373959;2.663822;121.907216;97.118958;1339.648721;4.015554;99.488065;0.145197;1
8.031328;3.209215;56.978761;173.612551;1445.583065;2.060199;58.295903;0.150300;1
5.667989;3.182546;44.869610;154.733209;1448.911306;2.664528;82.311188;0.166977;1
1.744088;2.599551;172.252799;149.498804;1236.283260;4.450425;61.270701;0.110702;1
5.209729;3.937247;99.262463;95.495529;1403.254720;3.123508;92.294905;0.123596;1
6.468885;1.964591;193.326203;127.113585;1370.703107;5.119528;83.517621;0.164218;1
1.798608;0.909063;133.042185;149.899499;1403.513496;2.261429;52.113377;0.127486;1
1.373657;1.005661;121.156621;141.301185;1387.968823;2.705060;92.193783;0.114609;1
1.947352;4.731113;92.808838;116.934220;1438.722794;3.850200;66.490266;0.111071;1
1.483484;4.655910;171.813786;115.679803;1449.571552;2.739966;77.721707;0.166363;1
2.506381;2.034675;7.825143;132.269535;1560.423463;5.234269;80.151174;0.184763;0
2.125090;3.333391;111.793248;174.738193;1380.680688;5.118144;86.490105;0.169340;0
3.679419;4.149191;25.811184;172.079309;1584.632455;3.667821;83.991544;0.180683;0
9.792195;3.171265;47.500642;84.982274;1236.016124;4.704356;82.473227;0.194982;1
1.839473;1.517705;160.048384;175.548455;1469.399346;5.355987;63.581201;0.118002;1
5.665982;0.464915;24.883508;164.679028;1562.651899;2.915167;85.304820;0.122232;0
9.241517;0.549294;168.408682;137.677660;1271.491208;2.678001;78.751539;0.180299;1
1.613702;0.768221;151.511463;155.881526;1590.694042;4.068869;64.094259;0.104754;1
8.637502;0.159936;84.800635;174.563507;1594.355126;5.602452;61.703640;0.114260;0
6.997595;2.029772;12.587112;99.714157;1278.208239;5.384994;95.746015;0.179927;0
9.836883;3.218839;32.419838;178.113624;1463.994349;3.275011;96.755535;0.102435;1
1.059177;3.717303;164.627067;107.420846;1444.170360;4.697292;99.614217;0.166721;0
1.722373;0.282278;198.068080;154.337827;1518.215422;5.448501;40.666497;0.124014;0
8.677482;2.725628;126.303281;133.586205;1478.754617;3.324889;98.601769;0.197306;1
3.522665;3.110681;125.398998;132.290659;1421.800502;3.867093;69.807039;0.116347;1
9.299823;3.703424;62.223107;104.360763;1586.539690;2.525816;87.157705;0.180903;1
9.353497;4.289011;145.609689;115.575405;1327.335071;4.092528;42.703746;0.118449;1
6.143645;0.219312;173.892848;107.169156;1229.483791;4.472179;48.304582;0.156288;1
6.119949;1.471226;26.864992;152.402131;1338.488550;5.183802;81.926048;0.129973;0
5.034265;4.067313;33.292538;103.188602;1275.402156;4.918645;72.137558;0.154147;0
8.112313;0.199840;134.676618;106.285102;1319.502993;4.166094;93.602103;0.142067;1
8.776569;4.985161;4.509456;111.697113;1551.270143;4.986466;98.526127;0.183097;0
7.286242;3.320706;140.769270;141.764324;1459.606230;2.518507;76.227359;0.190048;1
2.100065;3.789074;170.133828;153.503101;1358.044998;3.084387;95.665404;0.192241;1
4.229985;0.131874;84.659112;118.117922;1350.183909;3.331153;71.846344;0.184693;0
8.533469;3.727701;49.013452;110.782486;1459.977576;4.886781;62.234913;0.130894;1
7.613539;1.163102;168.194916;119.748310;1285.857218;4.683239;64.223185;0.154506;1
5.936491;3.429943;135.039266;155.825642;1216.193685;3.993381;48.188153;0.193597;1
2.418280;1.660544;32.302212;121.315841;1362.392281;4.667249;81.622663;0.192409;0
4.376818;4.531114;146.023136;123.667583;1243.707973;2.419176;98.957275;0.178446;1
9.530552;3.918235;136.397255;82.237259;1275.905915;4.704026;51.463910;0.157111;1
2.290120;3.961980;48.018418;177.949807;1591.375667;2.316877;88.891991;0.194709;0
6.322369;2.006742;9.918541;153.948139;1436.050760;2.873756;78.993799;0.186258;0
4.549841;3.006850;68.729765;142.896648;1448.982619;5.074375;75.811681;0.131745;1
3.650104;2.710467;102.888247;168.214059;1337.946857;5.072785;90.511948;0.111032;1
2.084444;4.341864;49.459361;88.255730;1361.154589;2.531387;57.914039;0.186725;0
6.643279;4.879985;24.367481;136.545129;1369.238387;3.901878;64.541215;0.154071;0
6.113783;4.391388;137.182592;167.908337;1522.105990;2.522229;49.673091;0.120119;1
9.164907;4.004273;15.294801;141.791646;1416.552848;3.070148;54.850348;0.112649;0
2.221577;1.914594;168.328470;162.414094;1216.126537;4.764051;46.312338;0.137760;1
5.673969;1.442287;166.811519;158.541794;1578.828704;3.476024;91.420698;0.199746;1
3.957930;2.580857;122.366728;98.394521;1265.836534;4.808152;56.317116;0.160062;1
3.229743;4.373160;17.289278;119.877843;1443.439319;2.871068;56.266897;0.182183;0
6.686054;3.843281;47.906785;174.809601;1514.587929;2.170973;80.301985;0.162830;1
2.017477;1.725192;94.409739;135.616646;1299.304741;4.408468;90.255087;0.102759;1
8.238975;0.755726;24.396603;106.403127;1354.335142;2.615535;94.352234;0.186740;0
1.029476;0.341840;81.274800;167.301519;1573.209746;2.923806;69.643679;0.114870;0
4.793621;1.817831;109.705780;132.955219;1251.395562;4.936404;70.517319;0.123909;1
3.682310;2.875507;80.705306;137.764013;1557.281606;3.113395;75.854743;0.180124;1
3.049971;1.186516;172.053398;138.968932;1399.688028;5.270450;44.150681;0.102295;1
5.941837;3.490293;138.977583;133.573067;1270.404861;5.320712;93.142602;0.141914;1
4.126799;1.851543;148.796938;102.155918;1297.189881;3.112322;97.767331;0.173554;1
2.651040;0.313866;6.164500;177.901573;1391.847196;3.840812;51.705340;0.192253;0
5.825198;1.949921;117.178102;122.239381;1243.112491;4.356721;85.370251;0.121262;1
6.392773;4.707169;187.971702;82.673381;1323.087300;2.433705;95.741621;0.197234;1
6.472916;0.428934;146.033674;176.019195;1417.712463;3.414553;59.721672;0.176779;0
7.563282;2.059458;81.604134;92.188102;1366.387473;2.090044;46.689544;0.151114;1
8.407597;3.711205;130.762696;111.525647;1405.185620;2.642315;89.817443;0.174245;1
6.667620;3.214592;8.150875;148.058908;1490.692612;2.145432;76.101691;0.130021;0
6.879092;3.150544;102.341828;92.234519;1503.198253;2.145899;68.527535;0.178710;1
6.468409;1.555745;144.910400;100.747625;1530.183354;2.635484;55.054345;0.181390;1
7.566203;4.982554;22.158406;167.754489;1266.971160;5.973513;61.179520;0.149338;0
2.524959;4.417419;193.559677;163.397448;1554.878649;4.421587;58.160666;0.140391;1
4.417088;2.421724;66.857246;107.861023;1525.954688;4.845643;63.269626;0.154938;1
2.984076;4.599952;47.200003;128.659541;1253.176227;3.294271;67.280754;0.150659;0
8.827620;0.675154;75.666558;81.701543;1226.962768;5.604662;74.153332;0.113911;1
1.917248;0.564467;147.969720;178.579217;1442.833856;5.174215;98.761838;0.149497;1
4.460716;2.866308;43.014537;158.192832;1424.942024;2.050379;77.096616;0.145378;1
9.042018;1.960300;188.997582;141.245492;1595.230008;5.052326;80.313718;0.130039;1
1.790821;4.014972;75.376066;118.331931;1525.896562;2.030878;59.262160;0.107758;1
1.358770;2.012377;73.148967;161.391903;1387.401949;2.476236;52.081086;0.146862;0
1.087608;4.735428;117.890357;136.120948;1235.309968;4.663259;67.208529;0.194324;0
4.822037;4.303819;145.948746;142.613923;1556.074253;4.278586;93.183970;0.178724;1
6.841093;4.967213;118.242286;81.775466;1432.237280;3.051940;79.401634;0.143731;1
8.025091;4.764737;169.280943;120.821206;1566.279475;3.232508;65.423999;0.167768;1
1.223547;3.804350;134.729770;174.338416;1336.429150;4.479875;50.277405;0.168205;0
8.156721;4.293187;47.131362;171.998352;1509.754244;4.742836;74.663759;0.177162;0
7.553105;4.799959;171.982886;142.735963;1596.440884;3.801321;77.348584;0.136755;1
7.196111;0.585975;79.637430;173.227707;1520.103304;3.334228;76.891330;0.126762;0
3.549560;4.907245;112.809656;114.975597;1516.210959;4.276813;71.941208;0.189131;1
3.349490;2.421682;64.181718;163.592558;1555.863834;3.383164;72.584600;0.137852;0
1.343089;0.771018;166.179412;105.924838;1586.232406;4.551089;73.809783;0.117555;1
6.250555;0.733447;188.510423;101.728902;1507.357170;5.461700;62.571245;0.100921;1
1.906810;0.584765;97.606271;166.226126;1231.208331;5.839897;69.809512;0.119479;0
9.918002;4.459456;163.777706;135.870068;1391.342044;3.147708;66.427118;0.138627;1
4.554435;2.796453;8.192055;177.348675;1428.308254;5.227226;72.562021;0.101260;0
7.207204;0.525386;62.430942;100.518062;1524.969667;2.516113;78.108259;0.148674;1
5.210216;1.046892;124.928672;153.713335;1372.338071;3.590260;43.357679;0.162181;1
4.008195;1.184618;98.604971;89.746824;1445.006933;5.741263;66.499792;0.151929;1
4.551993;3.908594;105.929186;81.657356;1560.456547;3.860546;84.890739;0.199931;1
2.919799;2.129080;19.917591;80.243318;1222.504100;4.839747;76.737583;0.123742;0
9.806119;0.836014;14.533730;137.637904;1204.043001;5.704290;54.844562;0.163815;0
7.038908;4.613595;64.223960;88.277371;1306.595090;3.553523;85.814031;0.137116;1
1.913807;4.512753;96.262093;82.118652;1270.646037;4.027873;99.542202;0.109070;1
5.552734;3.022625;127.609663;85.028235;1571.106165;5.621662;82.770512;0.148886;1
1.550772;1.865492;77.981667;81.542289;1215.552521;5.418493;93.932844;0.132083;0
6.627905;1.385811;185.728638;177.686089;1398.727293;2.421212;87.521396;0.125716;1
5.740515;1.730471;40.358294;105.314656;1350.469923;2.942118;74.017294;0.196175;0
8.094765;2.023385;197.201429;163.466399;1498.000083;2.349100;74.574308;0.105947;1
6.991311;0.628759;68.195143;118.838524;1397.682271;4.657308;59.563974;0.138532;0
8.934662;2.589399;178.103598;145.684853;1284.449721;3.237407;46.803630;0.172198;1
8.372413;1.466740;144.873218;164.225553;1255.618055;3.467955;64.587986;0.164521;1
2.154216;4.216529;138.930088;82.063011;1286.249758;4.439214;58.321617;0.144725;1
1.483049;4.231170;88.682768;87.631608;1406.630558;3.457772;61.993678;0.143679;0
2.743398;0.717683;74.013006;156.311916;1288.309508;5.972969;62.555469;0.132839;0
3.195194;1.297341;130.137410;142.263642;1224.897986;4.235339;89.290365;0.181375;1
4.215478;2.548730;12.954046;173.808612;1475.677000;2.410411;57.450221;0.172859;0
3.943932;3.451690;47.950291;159.849929;1310.291752;2.007772;60.205828;0.139125;1
7.349709;1.631178;79.226801;171.596332;1566.119938;5.410197;70.175001;0.115183;1
4.245149;0.358117;103.587331;111.139333;1583.663288;3.342780;55.064228;0.198789;0
1.937229;3.113867;1.081277;93.084883;1216.701214;2.563215;97.698690;0.149977;0
2.648124;3.107377;51.041608;137.993453;1257.665803;3.757440;60.335690;0.115468;0
6.958023;3.467516;157.997197;175.393638;1250.486431;3.533805;85.582265;0.192223;1
5.402106;3.397981;91.893842;105.652233;1586.529523;4.365038;93.882613;0.180851;1
8.981866;2.300865;51.619201;173.380204;1220.637141;5.112297;98.411924;0.125391;1
9.283796;2.027182;65.006401;174.685806;1443.658699;4.153680;47.245497;0.192656;0
1.504109;2.913816;139.728377;94.737455;1226.757634;3.686835;49.494118;0.192516;0
1.947746;0.963887;26.915926;116.508699;1494.246376;4.447941;65.691550;0.112124;0
3.620251;4.121788;83.668912;94.863595;1435.463721;4.074717;72.951395;0.173100;1
4.387728;3.596021;175.118740;134.748201;1202.930356;4.648091;49.654621;0.114268;1
1.407314;3.982972;197.637285;176.565574;1270.230030;5.715259;53.485510;0.152051;0
3.116603;0.977545;78.936791;178.336067;1256.089902;5.659962;76.445879;0.125364;0
4.918174;1.753459;102.708362;161.465351;1354.588384;4.575808;60.829848;0.106665;1
3.708163;1.163606;30.325832;87.326239;1359.514090;2.916049;94.470963;0.156841;0
4.386653;0.924902;147.698330;140.039219;1541.284288;5.650353;87.813174;0.161813;1
4.105181;1.939429;112.674544;105.800530;1289.682473;3.326688;83.861915;0.157528;1
3.886119;1.070794;68.395434;81.130923;1211.466014;3.389595;51.182969;0.104612;1
5.715741;2.430162;184.641025;112.525879;1527.377642;3.881273;89.318357;0.189625;1
3.645530;2.824645;125.408130;170.527682;1556.136203;3.176905;93.564083;0.115485;1
6.980620;2.368498;104.374427;105.302922;1522.951418;4.996144;41.614311;0.183068;1
8.893162;2.702470;108.103069;105.781572;1394.069019;4.043308;62.064122;0.108491;1
3.075954;4.112186;80.796214;99.880353;1304.023073;4.220180;59.850043;0.176744;0
3.601286;3.414111;5.391624;101.076197;1362.796811;5.663955;68.501290;0.164923;0
2.408241;4.641036;169.250610;95.720289;1491.630443;3.698780;94.073567;0.195040;1
3.382622;3.959321;94.979604;110.376537;1480.591585;2.612482;68.709869;0.140288;1
1.664207;4.906757;108.389842;149.869318;1282.982068;4.816251;50.127883;0.160826;0
4.370123;4.738700;142.646240;110.807275;1225.008901;5.925258;48.011036;0.115278;1
5.457807;2.811360;16.814194;144.239655;1249.996738;4.652164;89.894902;0.195722;0
5.746010;0.931256;50.234512;174.511091;1471.516248;5.170303;67.010704;0.180824;0
9.755999;4.216116;95.658196;93.884951;1563.361447;4.340456;70.306708;0.109377;1
9.725935;3.820273;134.028593;84.398597;1402.656450;5.018194;95.545105;0.187578;1
8.403819;2.409973;6.002544;137.721776;1541.114317;3.297879;95.420651;0.181787;0
3.918747;2.583036;69.999321;125.934725;1316.662033;5.196658;97.386463;0.132533;1
7.952215;0.347461;147.984024;83.230719;1388.541305;5.784351;48.662337;0.136655;1
2.070722;2.928226;27.717257;157.800529;1527.777041;4.243595;48.057063;0.132103;0
7.275784;4.715907;121.452307;134.429358;1525.330057;5.780364;77.060841;0.100428;1
4.398912;1.933797;85.275759;130.005933;1224.421904;3.540839;74.082009;0.141555;1
9.928836;2.546677;181.293194;104.631253;1444.845730;2.439303;77.207589;0.195329;1
2.392516;2.675364;198.536185;126.271979;1203.169609;3.276855;44.321254;0.181449;1
9.242671;4.629929;105.598475;127.493292;1335.066668;4.082030;88.823951;0.164190;1
6.098230;1.529932;176.662875;161.389072;1522.047204;3.801172;64.954677;0.126701;1
9.366312;1.277084;70.103556;167.328670;1595.185729;4.876523;69.187868;0.196630;0
7.094665;0.270601;107.910710;89.336503;1339.445906;4.455982;83.955731;0.198492;1
4.486164;1.249724;100.983491;155.493105;1408.952041;5.316992;94.284113;0.147970;1
9.535709;4.271922;38.594953;163.144630;1296.197193;3.800208;50.983580;0.104194;0
9.758061;4.201306;55.338244;147.921876;1357.027285;2.972150;63.413918;0.172903;1
6.362612;1.239966;72.199745;94.782360;1406.314914;3.769673;40.059320;0.184247;1
7.598047;2.302014;150.656302;123.107427;1300.994767;2.978582;63.553409;0.141842;1
5.057781;2.439800;18.802406;164.215130;1585.649150;4.463454;84.772172;0.107395;0
2.038663;4.140128;98.775234;114.337123;1388.581153;4.033890;65.141115;0.164589;0
2.043222;4.392469;82.322865;165.329545;1233.912802;3.943720;47.185694;0.191774;0
4.686623;1.515137;144.832831;154.289652;1525.923502;4.302462;85.437266;0.118729;1
1.326261;1.781749;137.385519;146.809234;1449.114297;3.437264;60.572269;0.170573;0
4.824672;3.533767;62.810419;132.349830;1535.504807;2.717082;84.712476;0.117949;1
9.825488;3.997231;4.450439;146.004956;1490.001319;3.600209;60.476396;0.134494;0
8.150031;1.836654;113.641769;135.370072;1493.090370;4.278896;88.348981;0.134201;1
2.133478;1.495012;55.038507;157.281756;1319.498488;5.610576;94.370074;0.170560;0
9.740941;3.711289;20.532780;142.400032;1243.648540;5.954705;64.473273;0.147833;0
4.108293;2.431671;113.572982;161.841765;1533.639886;5.542166;89.052773;0.187482;1
8.093494;1.680198;13.979886;112.857980;1402.773170;3.916272;41.404456;0.157412;0
2.484979;1.373151;118.570045;117.952819;1566.126484;4.705927;87.620390;0.133427;1
6.830419;0.457689;78.194249;138.081215;1485.255010;2.751771;40.777096;0.152529;0
8.639283;2.454122;93.452838;151.465988;1455.439711;3.710502;63.866970;0.130021;1
2.638796;1.859043;55.049795;110.954600;1534.997299;3.955296;48.828303;0.171693;0
9.151189;4.447842;71.986617;172.986676;1236.859027;3.970980;45.673297;0.175476;0
4.005395;1.099883;116.994422;144.190491;1389.136686;2.978232;50.857425;0.181468;1
9.129281;4.811479;37.616198;158.149545;1526.005796;3.798846;48.054986;0.147190;0
9.467019;1.537388;20.339676;87.403437;1268.664996;2.811444;50.872036;0.125354;1
6.838555;2.408769;135.449192;105.123293;1436.215151;4.022713;80.688625;0.137760;1
9.122384;2.008934;11.310394;167.462356;1436.198349;2.562613;88.427079;0.153997;0
5.193464;0.371799;185.737438;121.668362;1230.379540;2.922220;96.204577;0.122835;1
2.940204;1.714991;158.900658;145.857388;1572.777150;3.317714;83.660685;0.122800;1
3.704147;2.768209;190.649776;145.647308;1369.229401;2.562589;60.715004;0.107902;1
6.914483;2.751595;178.950890;86.848522;1357.672900;3.985557;85.054289;0.159832;1
9.399229;2.850914;24.513391;102.254189;1504.600777;4.506090;90.578809;0.181517;0
1.488849;0.870799;60.612990;98.930346;1362.310956;3.055525;44.093505;0.192591;0
7.871841;4.638306;92.511777;119.579926;1563.030078;3.905735;65.185514;0.132263;1
4.842232;1.413151;1.984943;96.200781;1202.052641;3.404356;56.867510;0.196633;0
2.323330;3.093777;139.600363;116.674925;1242.808030;2.118476;41.045999;0.108257;1
4.780446;2.149014;111.339542;101.327716;1221.610365;5.236529;85.011721;0.106740;1
6.217589;4.045984;19.351014;91.113995;1239.758660;2.621521;79.748140;0.168052;0
4.724294;1.389251;44.785509;144.717793;1267.334587;4.713906;60.424403;0.194786;0
3.993706;4.203246;93.077881;99.121643;1531.705954;5.004634;61.264014;0.185464;1
8.128338;2.341034;50.950581;108.380313;1344.122557;5.322689;88.411627;0.136016;1
2.486745;3.159460;42.270517;167.536096;1268.686167;5.560485;70.795234;0.122103;0
1.225947;3.572713;82.028697;124.201198;1390.039410;2.593915;77.624382;0.156444;0
3.108975;3.792365;143.914583;97.407066;1453.400291;3.377169;81.622507;0.174676;1
3.648307;4.801832;79.134292;163.576956;1572.501234;3.513846;81.160287;0.195606;0
5.400922;4.173089;198.716589;168.513544;1262.105992;5.974307;50.800974;0.126119;1
5.194098;2.853394;122.263257;139.938702;1232.380948;4.793048;86.970736;0.135677;1
8.721715;4.128368;129.825088;145.855642;1500.295020;5.716306;40.495362;0.191810;0
7.011954;4.054633;160.036990;119.449534;1544.498877;5.351476;64.835465;0.175813;1
1.428910;3.498945;170.743540;128.977797;1538.931336;2.999109;75.376357;0.167976;1
3.944882;1.926871;101.821782;156.860923;1230.404074;3.598151;55.668060;0.194132;1
7.801483;4.868229;161.695197;116.243912;1484.437953;4.140792;57.368158;0.150696;1
9.076797;1.098160;148.720086;176.935452;1445.900805;3.107099;55.095589;0.164908;1
7.508269;4.946850;35.132664;144.470444;1226.369148;5.990430;64.664108;0.143370;0
3.573489;0.442344;126.763610;130.311587;1541.918487;5.794532;40.134889;0.139351;0
4.489648;3.532149;7.598215;133.137174;1554.343886;3.280863;50.762611;0.119751;0
1.139974;2.282693;62.163226;117.111863;1272.804865;4.782778;53.965540;0.143049;0
6.648724;0.383500;67.910196;136.259772;1338.422235;5.512571;65.834304;0.120024;0
8.299785;1.306109;112.520540;156.705181;1434.181026;5.697313;91.190676;0.104669;1
6.355066;2.557958;197.218056;103.660888;1272.660753;5.597214;49.882282;0.102579;1
8.748654;0.709000;126.106385;177.255948;1279.919314;2.036985;73.465295;0.171009;1
4.722638;0.561625;155.848307;162.739596;1455.636549;3.371298;81.780793;0.177332;1
2.780327;3.085313;120.372666;115.079355;1391.163431;3.182874;69.415223;0.125877;1
8.503065;3.191749;127.102882;150.451003;1264.086246;3.244142;57.052388;0.195174;1
6.703110;4.554340;61.940765;141.548595;1506.206025;5.109812;86.049175;0.168776;1
8.762249;1.745653;73.281115;140.297914;1522.728609;3.706343;74.569171;0.184945;1
6.455614;0.991571;123.331546;100.106351;1205.188228;5.633319;93.029284;0.110976;1
1.709290;0.758912;5.336473;111.651614;1454.878098;4.996084;96.086606;0.137796;0
6.479130;0.732879;20.567439;151.738874;1310.998806;3.028802;55.994895;0.191500;0
2.408613;0.910198;2.943842;150.925377;1528.539062;4.018267;63.990444;0.159883;0
9.605580;4.534588;73.453358;83.759035;1396.962060;4.844590;96.209382;0.136306;1
9.735470;4.535007;188.135469;130.852442;1208.555649;3.831194;77.890968;0.107404;1
4.631559;1.112846;154.062912;130.009476;1450.405708;5.669625;98.318051;0.153249;1
2.988861;2.153700;182.717099;165.859292;1385.970152;4.779720;53.092824;0.199704;1
8.879342;0.753587;141.045727;155.942689;1434.449234;2.671249;63.750210;0.101843;1
1.472493;1.373198;51.274599;117.034886;1544.460926;3.345912;43.187421;0.123915;0
1.091607;3.214957;145.113828;134.627910;1324.063600;2.806597;50.571035;0.147964;0
5.892724;1.342030;27.777439;95.452708;1348.276415;3.612410;64.928363;0.134252;0
2.383071;0.619421;6.798792;176.912651;1208.078985;3.384359;60.894680;0.155273;0
2.980873;2.285539;171.258473;173.758447;1235.292130;2.255259;62.250196;0.142388;1
9.445822;3.552891;104.173871;128.186517;1262.913481;2.762670;59.663761;0.197424;1
8.343419;4.787434;141.212956;174.446449;1572.122051;3.048485;53.609698;0.137116;1
9.947215;0.763806;43.401998;102.890057;1518.779919;3.849427;40.580562;0.133481;0
6.461938;4.060173;100.571312;124.469783;1562.402077;3.866893;83.783896;0.186549;1
7.488125;0.718151;140.845110;166.071324;1425.676940;5.765699;42.243195;0.184597;0
8.990741;3.335853;37.416503;104.399838;1488.660849;5.660905;53.538551;0.181639;0
6.593649;0.607794;13.991612;176.728064;1322.945733;2.749266;65.224133;0.112192;0
3.987183;1.473971;70.715054;122.367917;1339.566466;5.881307;44.420248;0.126820;1
4.136024;0.503743;113.691322;142.181282;1397.942050;2.515907;94.493065;0.111291;1
8.385507;2.206227;28.880724;135.125748;1456.998067;5.085136;95.970474;0.101317;1
2.719438;4.667000;40.538325;91.294589;1455.321985;3.035224;90.871077;0.146864;0
9.247385;0.432350;68.101690;111.359785;1341.605775;4.010371;70.589164;0.185140;0
1.315809;2.438427;125.073768;100.358543;1264.534988;2.288008;40.078646;0.160174;1
9.394585;3.701106;147.954252;151.415107;1550.646092;2.646341;96.876085;0.150563;1
6.383255;1.858545;88.948514;83.735208;1277.274619;2.714518;51.476945;0.190905;1
6.807527;0.348516;186.430395;174.219229;1471.735758;2.483095;75.800251;0.148436;1
7.987368;3.714502;12.621522;131.220129;1238.004000;5.806617;99.940032;0.156746;0
1.847370;3.386751;96.139166;140.902825;1401.897680;2.726878;44.799422;0.131629;0
1.163014;0.783670;187.654569;88.114614;1348.663361;2.528557;70.320396;0.108468;1
2.056220;4.265410;15.362509;102.987446;1497.042135;3.197628;49.261246;0.119810;0
2.669454;1.876541;149.246053;92.013879;1286.124258;4.606653;45.284093;0.132936;1
1.004050;3.010249;29.200339;134.867370;1234.778352;2.212493;57.009092;0.120548;0
9.135446;2.201322;186.481319;124.093319;1482.199697;5.363144;46.464841;0.116806;1
1.078582;1.307203;196.143261;110.350560;1371.394008;4.461507;52.197681;0.199487;0
8.168238;2.649269;158.304745;143.761321;1328.564884;5.803911;72.748645;0.100314;1
3.529301;3.521365;95.695744;151.319164;1207.941640;3.661716;94.827710;0.150204;1
5.992431;3.876682;33.888157;113.498534;1357.397504;3.808805;73.343162;0.170178;0
2.230678;4.182138;146.681195;122.306334;1281.945460;5.136854;73.878372;0.147730;1
5.469746;1.187483;143.824792;88.761029;1571.880076;4.365066;87.946156;0.175511;1
5.773400;0.625556;184.832180;99.116154;1597.923533;4.742262;89.341752;0.150826;1
8.977350;1.826637;111.272194;174.117609;1285.810017;2.358022;89.421595;0.100185;1
9.208180;0.188541;111.448948;111.392068;1231.509495;4.440655;81.766505;0.162583;1
7.543482;3.335230;120.948542;88.669988;1462.164552;5.138187;61.856549;0.178781;1
4.397794;2.942229;60.328279;152.589351;1544.995785;4.652294;86.179426;0.180192;0
5.970199;3.090814;100.110698;127.539772;1257.604155;3.414216;47.586996;0.157271;1
2.801921;2.560582;28.995050;176.219626;1314.884081;4.078651;71.572152;0.137686;0
6.741846;0.136239;66.937406;174.675327;1576.378910;4.068343;47.910610;0.138463;0
6.740770;3.676776;191.398033;173.929866;1246.680267;5.658453;57.428602;0.166084;1
4.347353;3.125150;175.972236;174.056306;1281.089760;2.315589;45.898552;0.186188;1
8.294083;4.790465;29.886927;175.601724;1226.780345;4.469077;41.626137;0.145703;0
2.370867;4.077524;130.907521;173.124411;1393.652540;5.754937;99.625382;0.110965;1
6.018297;0.610857;88.550396;82.881308;1262.539087;2.787697;99.346035;0.139852;1
4.984517;0.698821;87.999810;156.269289;1542.139147;5.248625;87.630450;0.187252;0
8.855603;1.611170;136.780565;164.399863;1536.046729;5.506737;51.976883;0.144002;1
1.842651;1.758808;97.574249;86.712030;1214.345983;2.390591;68.064717;0.188041;1
9.912593;3.856311;69.906923;146.790304;1324.700988;2.482809;92.805488;0.108253;1
6.884120;3.717637;142.113600;93.728218;1475.175023;5.734231;73.573439;0.131669;1
1.354115;0.450741;99.952247;88.878503;1357.383579;2.674300;40.254262;0.156660;0
8.150748;1.715559;34.751752;105.787510;1560.107670;5.586684;40.828778;0.149682;0
6.690960;4.469710;189.000874;136.001744;1481.619650;2.905286;78.149094;0.112678;1
7.030891;0.357067;71.535716;122.764970;1352.839217;4.564663;58.078095;0.174596;0
2.449740;4.846488;141.259452;179.757041;1268.781478;3.153933;76.889704;0.174692;1
1.414946;1.358085;72.430672;110.442819;1407.172188;5.928981;58.683543;0.191867;0
3.311670;4.049002;133.116366;81.293549;1502.661301;4.240799;78.851180;0.146719;1
1.048122;3.190522;9.896700;155.006177;1299.299651;2.045175;67.005814;0.183945;0
3.054667;3.998317;105.670815;112.439441;1221.111219;5.617265;98.438495;0.138178;1
2.777328;3.169828;95.036590;122.204283;1554.442281;3.223347;58.785924;0.109541;1
2.614274;1.564291;134.898453;139.679772;1531.206674;5.740513;87.277467;0.199717;0
4.519791;0.698687;75.192519;94.096944;1264.228026;4.895834;95.592543;0.170011;1
6.710128;4.591855;162.520307;82.189260;1579.970098;4.646722;60.474464;0.118179;1
6.756879;3.824254;8.804191;126.161360;1312.903593;5.202942;67.649884;0.166253;0
8.238417;4.884092;194.622470;177.077432;1345.950639;5.378076;49.966901;0.143016;1
6.001409;2.266312;100.880224;102.507313;1571.519320;3.525954;56.873606;0.163818;1
8.801889;4.700587;118.733844;88.496620;1586.289945;4.474233;65.049501;0.147608;1
8.638802;0.995223;49.292455;94.596879;1567.070340;5.421713;71.022539;0.173617;0
3.170403;0.599390;41.590331;92.224033;1528.641870;2.713436;62.051227;0.171142;0
5.247356;2.286962;128.515738;152.636822;1368.178636;5.029124;52.557597;0.149854;1
5.341731;0.287146;129.175382;115.239393;1270.288049;3.579703;99.717800;0.164939;1
2.389729;1.586652;125.526672;114.418549;1420.422734;5.772149;47.664816;0.132753;1
8.847882;0.673306;198.427028;177.411272;1521.923704;2.920785;56.349491;0.192657;1
6.777736;2.289856;124.462646;89.648959;1284.845076;4.785177;59.001906;0.120506;1
2.276321;1.097676;124.304875;131.109721;1530.837377;5.392202;55.547416;0.196589;0
9.804125;3.283115;125.232423;122.877844;1328.230266;5.777293;58.335898;0.156763;1
7.475714;0.202284;174.430483;97.098899;1230.024716;2.398806;48.199905;0.163425;1
6.919307;4.077387;166.687722;90.990652;1285.218339;4.337274;62.574240;0.190176;1
6.407658;2.894438;137.834945;109.393631;1309.045078;5.495508;95.472649;0.142131;1
7.061364;1.463255;11.893633;142.733155;1371.982147;3.843182;97.367733;0.172292;0
5.364783;0.968081;106.179405;154.736568;1314.428673;4.973201;50.578651;0.146827;1
2.286219;0.817786;82.407463;98.439133;1214.821377;3.885931;44.530569;0.104457;1
4.358754;2.136062;65.861147;124.129777;1362.786342;3.926683;61.536524;0.114610;1
6.411479;4.213346;183.029610;85.686869;1280.515117;5.827844;92.270397;0.148689;1
7.403540;0.879923;160.020465;129.776051;1217.462311;2.843317;64.212268;0.175260;1
5.911425;3.945874;14.174043;125.983313;1591.504358;2.859661;66.995792;0.132049;0
5.957640;1.864689;137.451023;91.840491;1342.730004;3.660180;93.675315;0.169914;1
5.929583;1.086455;69.594605;134.035160;1386.641682;2.835513;95.523812;0.116363;1
7.088450;1.679672;192.751326;114.545039;1394.066868;2.361123;95.296047;0.190068;1
2.708457;0.687672;99.660707;95.964474;1244.919859;4.331182;63.221201;0.119337;1
4.065966;4.625046;121.821480;107.223478;1301.927949;3.126432;54.649776;0.127957;1
4.054930;2.166218;148.627334;90.565278;1417.779748;2.645406;53.478972;0.156449;1
3.573314;0.491847;69.151672;155.086492;1275.069260;3.322331;44.332483;0.123994;0
4.318964;0.399778;77.470579;146.453385;1584.780942;3.815561;73.451017;0.169487;0
9.019152;3.687700;14.165010;85.459099;1219.530593;4.458074;45.672527;0.154320;0
4.028131;3.743683;179.851153;163.302595;1289.977793;2.463185;51.493289;0.192605;1
6.212553;0.212905;191.033073;114.533588;1348.951240;4.040440;97.634400;0.132556;1
2.470940;2.807268;113.225894;136.564773;1296.894041;4.796865;53.175766;0.107947;1
9.405767;0.276347;90.198562;108.161433;1227.375933;4.049032;54.341854;0.137400;0
3.497765;0.117028;1.665433;164.811515;1204.151383;4.763614;82.192320;0.183373;0
6.544624;4.980882;18.234957;86.570274;1376.567917;5.288608;71.245913;0.104910;0
9.213951;3.217282;191.495032;83.356413;1238.551062;4.291777;58.211006;0.155157;1
6.517798;4.703849;193.576940;122.507502;1474.315876;3.343912;87.396951;0.134404;1
3.760049;1.399366;15.646778;123.872043;1571.804832;2.674830;41.821691;0.192592;0
5.414845;0.154531;144.162188;141.292592;1566.646691;2.720911;89.434019;0.179412;1
8.599591;3.298252;131.232609;129.071708;1401.642426;2.407493;42.585855;0.168742;1
5.540242;4.944074;139.003358;177.488175;1526.624787;4.428603;93.009206;0.141340;1
8.109372;4.142158;193.434170;113.273252;1469.668031;2.156933;45.102782;0.120352;1
8.456367;0.786524;149.494350;156.328534;1352.200682;2.905428;86.431470;0.102877;1
9.030920;2.261413;49.677088;179.847245;1418.670787;2.045081;70.071354;0.130069;1
8.710579;1.674689;190.879593;84.571996;1443.962631;4.116939;84.446846;0.132141;1
6.994749;3.706735;129.728727;166.207185;1484.807026;2.521175;43.197880;0.102235;1
4.665904;0.306277;115.625996;112.343657;1368.301463;4.992671;87.598620;0.199802;1
5.977666;0.140901;55.645140;106.357306;1256.627103;3.515492;93.370997;0.186938;0
2.274415;4.241020;151.871788;87.363529;1444.583784;2.999010;86.631264;0.152546;1
2.721888;0.301489;10.106774;87.843003;1384.972501;2.562369;69.529718;0.175693;0
2.113382;3.659998;183.285935;129.078366;1442.759080;4.289185;77.230990;0.125729;1
2.451438;1.460873;152.218517;145.451083;1469.049020;2.895554;54.163925;0.173351;1
7.647051;0.620808;143.730458;169.933499;1370.449824;5.028873;64.890949;0.174571;0
9.705575;3.196222;111.458906;84.497393;1459.395272;2.451588;95.080583;0.135951;1
5.575205;3.081044;70.489854;174.630062;1478.243278;5.055331;96.866014;0.168842;0
6.806982;3.299142;109.402598;101.144023;1565.421463;2.143583;48.994436;0.118346;1
1.200138;1.270922;191.455783;167.556655;1210.265425;2.153040;44.323476;0.150619;1
6.567021;4.166805;84.761342;138.115163;1571.624657;5.277128;82.926302;0.119883;1
6.604248;4.099910;190.494486;156.964255;1348.300609;3.145915;52.020321;0.149118;1
1.812398;4.195134;4.369553;134.673598;1325.436861;5.911588;81.484106;0.131806;0
8.774677;0.167685;51.072891;163.314117;1321.001398;3.413773;64.916994;0.166422;0
1.418798;3.736888;127.079724;123.991113;1438.183520;5.079593;43.661751;0.129971;0
3.500310;1.633198;35.934389;109.651117;1464.410140;3.642295;70.132327;0.179779;0
7.588630;2.364535;161.508635;152.312382;1467.374699;2.450590;91.778021;0.136362;1
2.374819;0.221962;129.004828;172.823973;1430.012947;5.888462;78.719410;0.192318;0
2.593522;2.506537;40.632233;166.619020;1442.249409;5.213317;96.739386;0.178141;0
8.464445;0.277579;43.770868;90.123762;1521.160642;4.318271;74.785830;0.131967;0
2.499950;0.545775;123.918769;175.341962;1466.961132;2.744060;84.155944;0.185056;1
6.137758;0.810605;105.847452;139.291231;1229.155788;2.274595;95.313412;0.166538;1
3.200684;1.096075;98.035198;144.873670;1492.374138;3.394998;89.541790;0.182203;1
9.408816;2.691338;117.792666;161.724358;1285.439067;2.987950;67.067184;0.142056;1
9.982925;0.801107;25.291112;114.018823;1313.975243;4.537675;64.576847;0.136984;0
7.093829;1.049393;173.272520;177.798988;1523.652563;4.487966;77.880743;0.156130;1
5.268911;3.888999;64.219284;150.714004;1408.080484;2.066622;63.580000;0.127777;1
4.262960;0.499190;24.948584;134.425428;1212.675858;2.227537;54.069944;0.173700;0
4.439060;1.088348;62.533392;136.747873;1437.151332;4.346964;85.146528;0.144567;0
1.988210;4.186678;2.104278;96.838672;1435.434980;5.391693;52.547941;0.143793;0
3.443800;1.011642;165.298614;159.096541;1566.357110;3.053453;65.097355;0.102803;1
4.011395;2.667918;35.942853;92.851384;1571.599091;5.817685;74.922409;0.181957;0
3.823898;1.453948;159.538589;112.881362;1420.784862;4.988095;70.583167;0.113516;1
8.568090;3.654521;44.018787;135.857760;1332.208449;5.160972;95.573338;0.113210;1
2.166549;1.502560;172.366180;144.435234;1254.885766;4.694218;54.230003;0.130044;1
1.510013;0.516358;89.116443;147.434931;1221.971409;2.442535;80.197604;0.106841;1
1.822507;0.788150;141.881029;139.249064;1479.660851;4.288151;50.421356;0.106795;1
9.518209;3.851227;31.208444;126.618551;1378.196618;2.382467;99.398783;0.102800;1
4.500116;3.739924;15.371944;141.547241;1505.743631;5.542629;95.166134;0.136003;0
7.913628;2.223505;21.280804;142.777674;1367.384602;5.466108;71.463434;0.172897;0
5.674905;3.480901;142.373018;178.746116;1465.347258;2.339072;67.841018;0.178125;1
6.124974;1.030625;38.387244;136.078693;1291.571632;5.898890;42.092171;0.195066;0
5.367518;4.975958;106.117971;113.366499;1339.293378;2.376359;82.959819;0.153073;1
9.699404;4.249325;25.055400;146.427860;1281.155774;4.319588;70.365254;0.136299;0
7.466061;0.923404;41.895754;136.079270;1396.290705;2.536292;65.110737;0.122727;1
9.939588;1.443790;137.452780;131.149281;1298.585661;3.017287;99.345905;0.103849;1
8.195603;3.620645;185.359870;90.094338;1295.391713;4.286679;61.058162;0.138550;1
7.537317;3.279115;104.885772;90.198790;1387.815630;4.807225;43.899744;0.105034;1
7.004363;2.237077;63.252063;129.106464;1575.315414;2.270529;54.117928;0.168834;1
4.027419;1.113729;134.038907;168.284747;1432.524923;3.100949;49.604405;0.183310;1
2.099482;3.708681;70.688216;109.839901;1412.424552;4.837179;77.031854;0.159513;0
5.704878;3.596857;52.857697;163.578151;1242.827954;3.855647;55.006748;0.134143;0
7.389629;4.385603;7.533850;158.846253;1467.835532;5.370572;86.054997;0.183005;0
9.310054;2.136726;52.568389;98.782344;1277.053279;5.044351;73.315720;0.149540;1
2.435062;0.704617;174.865585;155.972863;1417.236100;2.133986;99.659740;0.128641;1
6.353528;4.320730;139.450623;103.041938;1385.117299;5.603798;72.517420;0.100110;1
4.242844;3.623400;187.100065;146.460051;1337.219310;3.899791;77.310650;0.199799;1
2.595831;4.649754;130.891440;178.839726;1302.393695;2.978236;72.319157;0.129528;1
7.809250;1.842004;30.684124;177.382634;1573.166582;5.565530;60.094093;0.176795;0
5.356355;3.458642;10.475273;93.985286;1240.769505;5.063188;86.818848;0.124695;0
8.864936;2.051965;98.633425;93.444233;1383.191584;5.627506;62.609923;0.199172;1
9.989583;4.228229;2.329688;109.241651;1477.184191;5.053275;84.995217;0.107786;0
3.986959;3.978352;102.726090;141.979148;1241.566459;2.571826;75.468687;0.150915;1
9.157505;3.262269;160.064807;120.571385;1584.657368;2.403419;97.333857;0.104020;1
1.084266;2.585747;158.208707;87.782392;1411.724119;5.231617;60.397553;0.125079;0
8.267428;3.061986;59.842830;136.815745;1400.899670;3.507499;52.002657;0.118775;1
9.444555;2.279706;38.175194;145.043451;1498.292334;4.048165;56.549560;0.185143;0
4.356264;0.780587;16.355863;88.443502;1583.495459;3.966188;69.046537;0.171126;0
7.442904;3.428364;161.934118;163.645931;1478.299325;3.442043;59.757462;0.118459;1
7.663333;0.339333;126.336440;157.284977;1347.601718;4.507415;71.288925;0.177171;0
1.289933;3.712295;157.700873;154.007313;1259.608715;2.273133;92.584761;0.121321;1
4.165443;4.191168;144.318320;94.042021;1570.516771;5.780883;44.049942;0.188412;1
8.588010;4.829418;130.320391;113.476331;1520.144275;5.951172;42.091624;0.125124;1
2.594132;3.503120;34.329825;88.171575;1373.774449;3.160556;89.827829;0.148443;0
8.600381;1.441890;187.100304;94.200943;1229.956677;3.830067;98.467790;0.166182;1
5.219539;2.491100;128.185644;104.880311;1444.420272;3.697393;80.658525;0.113270;1
8.389600;3.385851;87.997882;82.404595;1256.933247;2.381386;98.757286;0.186112;1
5.910005;2.376506;83.628209;84.784788;1457.631246;4.410600;57.464368;0.119774;1
1.086754;4.601838;167.874075;157.349073;1466.990377;2.646219;53.628957;0.111132;1
4.815594;2.259620;63.911234;177.374543;1297.232031;2.591613;52.348867;0.174447;1
1.797303;2.012109;182.604245;156.227096;1591.197437;5.092666;72.773063;0.185901;0
8.973779;4.897336;55.914800;153.026368;1338.118108;5.806347;89.585731;0.122119;1
5.217627;3.501665;78.025249;89.688890;1573.142222;3.458512;97.275641;0.187249;1
6.208475;0.693199;138.474214;87.383765;1390.291288;2.316415;47.220789;0.123339;1
9.124436;2.430169;112.252435;176.239578;1500.254014;5.464082;90.870578;0.140734;1
5.937277;0.431159;14.972764;131.124753;1531.122688;2.830758;53.821047;0.151896;0
3.035881;2.245274;187.613894;94.630398;1245.317177;3.125450;50.035250;0.195911;1
4.037840;1.160627;8.561466;159.367083;1366.898552;3.871746;48.596087;0.106005;0
4.964448;4.567769;65.952916;143.864921;1557.541331;2.898786;52.993950;0.156489;0
9.921746;1.741677;64.823818;118.334551;1404.183475;5.555651;60.322720;0.106000;1
8.771982;3.866438;39.136559;121.120017;1489.118080;3.287385;75.494712;0.143401;1
1.210088;4.063120;163.533502;171.962837;1430.766764;4.057054;60.169012;0.191489;0
1.142936;1.809923;171.138456;113.266281;1293.790972;2.675590;49.810770;0.162649;1
2.413726;1.152397;153.040074;170.232754;1442.840333;4.950626;70.848394;0.186363;0
1.544828;0.327794;164.445548;178.534611;1495.305107;3.865922;76.266816;0.154818;1
1.272256;4.088945;70.801316;109.095123;1450.122939;2.075681;66.807294;0.126250;0
8.607017;2.544515;111.033061;134.585732;1268.574715;4.283405;81.722968;0.155916;1
7.884418;4.643647;188.790563;81.246956;1271.166742;4.794182;99.569818;0.117788;1
7.737457;2.730268;98.580036;99.186960;1356.933786;3.348905;55.625220;0.134668;1
9.757811;0.289735;34.936248;147.387038;1579.235547;3.800419;76.523115;0.190958;0
1.093228;3.264756;173.147101;90.045828;1416.811963;3.883148;98.061968;0.198225;0
9.137718;2.734797;27.593672;151.129184;1286.317278;3.165743;93.110715;0.119366;1
4.460078;0.633829;7.358248;179.302280;1559.010180;2.894099;90.507786;0.183912;0
9.296858;0.683373;134.670533;145.637010;1448.914860;4.555462;88.989449;0.126323;1
9.434388;2.378252;60.367337;158.233093;1338.867463;2.417452;97.044973;0.184899;1
8.548745;4.203460;29.182884;179.224305;1535.423521;5.852406;60.565469;0.184686;0
9.924088;0.976190;188.485979;136.726351;1394.909325;4.301075;98.888945;0.184651;1
7.115821;1.685409;6.320273;106.219054;1264.331238;5.929781;90.521234;0.192568;0
3.785701;0.107154;45.302102;147.395028;1317.345446;3.803814;89.935060;0.191941;0
4.946704;2.984724;191.553795;129.876521;1568.655550;5.299511;79.930095;0.126158;1
8.473078;0.985385;143.954656;114.071528;1377.199657;4.529230;70.327906;0.177715;1
5.012068;0.185571;2.796562;157.612290;1202.233089;3.778026;55.723233;0.197895;0
1.181669;4.733447;152.348716;156.758269;1511.268265;4.889116;41.189303;0.104676;0
6.540197;1.435548;121.664525;91.894862;1340.723516;2.436961;76.032227;0.102114;1
7.397850;0.284709;6.020072;121.339390;1584.369015;4.183433;68.608115;0.135889;0
3.234334;3.315233;127.973957;173.792611;1549.981648;5.151204;50.677314;0.181290;0
3.957117;3.636069;125.586974;171.390331;1221.001866;5.994421;77.574688;0.121620;1
9.442661;3.889202;171.489496;90.626260;1524.944465;3.820199;62.673979;0.142755;1
8.668968;3.681299;182.435356;153.395166;1562.337803;4.226849;96.105589;0.191767;1
3.327040;3.024970;25.642162;118.480775;1284.226575;4.406729;82.400830;0.196000;0
8.521487;2.841655;126.091361;142.353667;1209.637308;3.732888;50.839676;0.178593;1
5.850240;3.733317;179.746643;140.358648;1532.950223;4.383664;52.322202;0.131650;1
9.063607;4.093809;108.350122;153.751373;1417.957938;2.079220;58.499221;0.123299;1
8.985277;0.742917;16.844801;139.237946;1539.574963;2.103791;91.910913;0.144605;0
9.871800;2.271442;107.144828;158.802739;1270.499300;5.652635;96.539361;0.190481;1
8.827577;0.509465;177.645693;86.841458;1501.381031;2.215556;96.176569;0.178162;1
3.954213;1.998792;106.795268;153.325111;1390.864323;3.950565;76.412222;0.175278;1
5.986151;2.953476;104.381052;164.709188;1317.839590;3.720484;67.008651;0.168511;1
2.674125;4.464336;1.589429;105.264644;1505.729514;3.078549;93.388872;0.192535;0
7.409255;3.580226;28.792305;91.237444;1542.761181;5.920287;93.522488;0.167367;0
3.218812;3.587629;18.951016;83.478040;1400.514085;5.761022;68.848619;0.123393;0
9.916671;4.579713;173.424821;119.233626;1286.565048;3.136588;56.525656;0.163531;1
2.279002;2.350053;61.984556;100.499888;1520.846709;2.977339;47.792701;0.140015;0
7.481834;1.714331;110.649460;101.682530;1237.517069;5.177478;57.080832;0.107687;1
7.990509;2.687340;150.260050;106.710550;1316.706025;3.276585;72.212946;0.174580;1
1.697099;2.517886;178.094360;179.293291;1377.031554;4.711375;59.040150;0.103470;1
7.052288;4.071962;5.820579;138.490054;1227.789338;4.351667;93.051847;0.160991;0
1.562099;2.400934;142.350098;167.597754;1233.345950;4.604452;62.983338;0.176281;0
6.277742;2.257648;176.509474;107.736943;1345.816336;2.148770;62.865797;0.151002;1
3.451864;0.919655;47.486826;142.569771;1508.167721;4.807779;50.622335;0.114768;0
4.942831;0.932727;53.296952;93.188178;1476.978065;3.213595;52.288392;0.172313;1
9.813822;4.306966;32.623334;172.889003;1328.201126;4.656367;47.859379;0.110490;0
2.549645;2.694306;172.888378;114.386749;1322.357739;4.767328;85.012200;0.162268;1
9.693294;3.492597;103.635746;92.870986;1536.034458;2.911733;96.761762;0.117984;1
6.134901;4.802605;126.764944;148.007566;1594.311771;4.745694;75.944539;0.197982;1
8.711129;2.943943;108.013173;122.057472;1331.729540;5.420444;46.564755;0.161488;1
1.743061;3.692347;198.538098;85.688849;1300.680188;3.644959;66.612948;0.157224;1
8.437801;3.644938;18.566249;163.230713;1283.188743;2.004420;70.976768;0.179863;0
